Location,Intelligent_Class
AHMEDABAD,City
ALL STATES,State
ANDAMAN & NICOBAR ISLANDS,State
ANDHRA PRADESH,State
ARUNACHAL PRADESH,State
ASSAM,State
AZAD NAGAR,Town
BANASKANTHA DIST.,District
BHARAT NAGAR,Town
BIHAR,State
CHANDIGARH,State
CHHAPI,Town
CHHATTISGARH,State
DADRA & NAGAR HAVELI AND DAMAN & DIU,State
DC MODEL SCHOOL,Town
DELHI,State
DOSTI ACRES & ADJOINING AREAS OF TROMBAY,Town
GADKARI KHAN,Town
GOA,State
GUJARAT,State
HARYANA,State
HIMACHAL PRADESH,State
INDRAD,Town
JAMMU & KASHMIR,State
JHARKHAND,State
KALANAGAR,Village
KARNATAKA,State
KERALA,State
KHADI MACHINE,Town
LADAKH,State
MADHYA PRADESH,State
MAHARASHTRA,State
MANIPUR,State
MEGHALAYA,State
MEHSANA DIST.,District
MIZORAM,State
MUM,Town
MUMBAI,City
NAGABABA NAGAR,Town
NAGALAND,State
NEPAL,Country
ODISHA,State
PANJARAPOLE,Town
PRASHANTI,Town
PUDUCHERRY,State
PUNJAB,State
RAJASTHAN,State
RURAL AREA,Town
SABARMATI,Town
SECTOR 9,Town
SHANKAR DEUL,Town
SIKKIM,State
SURAT DIST.,District
TALUKA KADI,Town
TALUKA KAMREJ,District
TALUKA VADGAM,District
TAMIL NADU,State
TELANGANA,State
TRIPURA,State
UTTAR PRADESH,State
UTTARAKHAND,State
VADVALI GAON,Village
VASHI GAON,Town
VILLAGES O,Village
VISHNU NAG,Town
VISHNU NAGAR,Village
WEST BENGAL,State
102A/102B MATOSHREE TOWER,Town
24 PARGANAS,District
AAGAR DIST.,District
AALO,District
ABHAYPUR,City
ABHILASHA IN MADHAK DIST.,District
ABHOYPUR,Town
ADILABAD,City
ADITYAPUR,Town
AGAR MALWA,District
AGARTALA,City
AGASSAIM,Village
AGASWADI,Village
AGRA,City
AHMEDABAD DIST.,District
AHMEDGARH,Town
AHMEDNAGAR,District
AIROLI,Town
AIZAWL,City
AJAMGARH,Town
AJEETPUR,Village
AJMER,City
AJOL,Village
AKHAKHOL,Town
AKKAKSHNA IN RANGAREDDY DIST.,District
AKOLA,District
AKOLI,City
AKRIMOTA KADIPANI,Town
ALAMPUR,Town
ALANDI DEVACHI,Town
ALAPPAD PACHAYATH,Town
ALAPPUZHA,District
ALIBAUG,Town
ALIGARH,District
ALINJIVAKKAM,Village
ALIPUR,City
ALIPURDUAR,City
ALIRAJPUR,District
ALLAHABAD,City
ALMORA,District
ALWA,Town
ALWAR,District
ALWATAKKA,Town
AMAL AGOSH BRIDGE SCHOOL,Town
AMALNER,Town
AMBADVET,Town
AMBALA,City
AMBATTUR,Town
AMBEDKAR NAGAR,District
AMBEGAON,District
AMBERNATH,Town
AMBIKAPUR,City
AMER,Town
AMETHI,District
AMINGAON,Town
AMINGAON IN KAMRUP DIST.,District
AMLAI,Town
AMMASANDRA,Village
AMONA,Village
AMRAVATI,District
AMRELI,District
AMRELI DIST.,District
AMRITSAR,City
AMROHA,District
AMTA,Town
AMTALA,City
ANAIKOIL,Village
ANAIKOIL DIST.,District
ANAMALLAIS,Town
ANAND,City
ANANDPUR DIST.,District
ANANTAPUR,City
ANANTAPUR DIST.,District
ANANTHAPURAMU,Town
ANANTNAG,District
ANDHERI EAST MUMBAI,Town
ANDHRAPETA,Village
ANEGAON,Village
ANEKAL,City
ANGUL,District
ANGUL DIST.,District
ANGUL DIST.S OF ODISHA,District
ANJAR,Town
ANKLESHWAR,Town
ANKLESHWAR DIST.,District
ANNAVARAM IN KRISHNA DIST.,District
ANOOPSHAHR,Town
ANPARA,Town
ANSEIKALA,Town
ANTERVEDIPALEM EAST GODAVARI,Town
ANTPUR HOOGHLY,Town
AP/UP:13,Town
ARAGONDA,Village
ARAKU,Town
ARANVOYAL,Town
ARAPANCH,Town
ARASUR,Village
ARI DONGARI MINES,Town
ARIYALLUR,Town
ARIYALUR,District
ARKI,District
ARVALLI,Town
ARWAL,District
ASANSOL,City
ASHAPUR,City
ASHOK NAGAR,Town
ASHTAMUDI,Town
ASHTI,District
ASSOLNA,Village
ATMURDI,Village
ATUL VALSAD,Town
AUNDH,Town
AURAIYA,District
AURANGABAD,City
AUTHUR,Village
AVADI,City
AYA NAGAR,Town
AZAMGARH,District
B.CHARIALI,Town
BABARPUR IN SHAHDARA,Town
BABRALA,Town
BADA KHET,Town
BADARPUR,Town
BADDI,District
BADLAPUR,Town
BAGADE,Village
BAGALKOTE,District
BAGAR,City
BAGHPAT,District
BAGPAT,Village
BAGUNPOTA,Town
BAHADURGARH,City
BAHIREWADI,Village
BAHRAICH,District
BAI PADMABAI THAKKAR MARG,Town
BAIGUNEY,Town
BAKLITOLA,Town
BAKSA DIST.,District
BALAGHAT,District
BALAGHAT DIST.,District
BALANGIR,District
BALARAMPUR,District
BALASORE,Town
BALASORE DIST.,District
BALDA,Village
BALESWAR,Town
BALIA,District
BALJEET NAGAR,Town
BALLIA,District
BALLUPET,Town
BALOD,District
BALODA BAZAR,District
BALRAMPUR,District
BANARAS,City
BANASKANTHA,District
BANDENALLASANDRA,Village
BANDHUP,Town
BANDIPORA,Town
BANDRA (EAST,Town
BANJARA HILLS,Town
BANKA,District
BANKAPUR,Town
BANKURA,District
BANMORE,Town
BANNERGHATTA,Town
BANNIKUPPE GRAMA PANCHAYAT RAMANAGARA DIST.,District
BANSBERIA,Town
BANSWARA,District
BARA,Town
BARABANKI,District
BARAMULLA,City
BARAN,District
BARBIL,Town
BARDHAMAN,City
BAREILLY,District
BAREJA,Town
BARGARH,District
BARI BRAHMANA,Town
BARKADA,Town
BARMANA,Village
BARMER,District
BARNALA,District
BARODA,City
BARPETA,District
BARSANA,Village
BARSUA,Town
BARWANI,District
BASANTGARH DIST.,District
BASSI,City
BASTAR,District
BASTI,District
BASTI KHARELA,Town
BATHINDA,District
BATHINDA DIST.,District
BATSAR,Town
BATTAL BALLIAN KHARORIAN,Town
BAWAL,District
BEAS,Town
BEAWAR,Town
BEAWAR RAS,Town
BECHARAJI,District
BEDPA,Town
BEED,District
BEGEPALLI,Town
BEGU SARAI,Town
BEGUSARAI,District
BEHALA,Town
BEHROR,Town
BELAGAVI,District
BELGHARIA,Town
BELLAM,Village
BELLARY,City
BEMETARA,District
BENGAL,State
BENGALURU,City
BENGALURU DIST.,District
BENGALURU RURAL,District
BENGALURU URBAN,District
BENSDA SILVASSA,Town
BERKHERA SETU,Village
BHADOHI,District
BHADRAK,District
BHADRAWATI,Town
BHADRESWAR,Town
BHAGALPUR,District
BHAGALPUR DIST.,District
BHAGWANPUR,District
BHAL,Village
BHANDARA,District
BHANDARA DIST.,District
BHANDRA,District
BHANDUP,Town
BHANUPRATAPPUR,Town
BHARAMPUR,Village
BHARATPUR,District
BHARUCH,City
BHARUCH DIST.,District
BHATAPARA,Town
BHATGAON,City
BHATINDA,City
BHAVNAGAR,City
BHAVNAGAR DIST.,District
BHAWANI MANDI,Town
BHAWANIPUR,District
BHERAI RAMPARA IN TALUKA RAJULA,Town
BHILAD DIST.,District
BHILAI,City
BHILWARA,District
BHIND,District
BHIWADI,City
BHIWANDI,City
BHIWANI,City
BHOJPUR,District
BHOOTHPUR,Village
BHOPAL,City
BHUBANESWAR,City
BHUBANESWAR DIST.,District
BHUGOAN,Town
BHUJ,City
BHUJ DIST.,District
BHURSAPARA,Town
BHUTHAGIRI ROAD,Town
BIDADI,Town
BIDAR,District
BIJAPUR,Town
BIJNOR,District
BIKANER,City
BIKANER DIST.,District
BILASPUR,District
BINA,Town
BINDRA NAVAGARH,Town
BINSAR,Village
BIRBHUM,District
BIRIKALA,Town
BIRIKALA DIST.,District
BIRIKALA G.P.,Town
BISSAU,Town
BITHOOR,Village
BITTA,City
BOGMALO,Town
BOISAR,Town
BOKARO,District
BOLANGIR,District
BOLANI,District
BOLLARAM,Town
BOLPUR,City
BONGAIGAON,City
BONGAON,District
BORAPATLA,Town
BORDI DIST.,District
BORIA,City
BORIS,Village
BORIVALI,Town
BORRAMPALEM,Village
BUDAUN,City
BUDGE BUDGE,City
BUDHNI,Town
BUJARANG,Town
BULANDSHAHR,District
BULDHANA,District
BUNDI,District
BUNDU,District
BURDWAN,City
BURMU,District
BURNPUR,Town
BUTIBORI,Village
BUXAR,District
BUZURG,City
BYCHAPURA,Village
BYCULLA,Town
CACHAR,District
CALICUT,Town
CEMBUR AREA,Town
CENTRAL DELHI,City
CHAIBASA,District
CHAKKARPUR,Town
CHAMAKPU,Town
CHAMAKPUR,Town
CHAMARAJANAGAR,District
CHAMBA,District
CHAMOLI,District
CHAMPADANGA,Village
CHAMPAI,Town
CHAMPAWAT,District
CHAMPDANI,Town
CHAMRAJ ESTATE THE NILGIRI DIST.,District
CHAMRAJNAGAR DIST.S,District
CHANDAULI,District
CHANDERIA,Town
CHANDRAPUR,District
CHANDRAPUR DIST.,District
CHANGLANG,District
CHARADAGADIA,Town
CHEMBUR,Town
CHEMBUR FOR UNDERPRIVILEGED CHILDREN OF SLUMS OF TROMBAY,Town
CHENNAI,City
CHERTHALA,Town
CHHABRA,City
CHHAPI (RURAL AREA,Town
CHHAPRA,District
CHHATARPUR,District
CHHINDWARA,District
CHHOTAUDEPUR,Town
CHICKBALLAPUR,Town
CHIKKABALLAPUR,Town
CHIKKABALLAPUR DIST.,District
CHIKKABALLAPURA,District
CHIKKAMAGALURU,District
CHIKLA,City
CHIKLA DIST.,District
CHIKMAGALUR,City
CHINCHINIM,Village
CHINCHWAD,Town
CHINDRAN,Town
CHINSDA,Town
CHINTAMANI,Town
CHITKUL,Village
CHITRADURGA,District
CHITRAKOOT,District
CHITRAKOOT DIST.,District
CHITTOOR,District
CHITTOOR DIST.,District
CHITTORGARH,District
CHNDIKHOLE,Town
CHOPANKI,Town
CHUBWA,Town
CHURACHANDPUR,Town
CHURU,District
CHURU DIST.,District
COCHIN,City
COIMBATORE,City
COIMBATORE DIST.,District
COORG,District
CORBETT,Town
CORTALIM,Village
CUDDALORE,District
CUDDALORE DIST.,District
CUTTACK,City
DABHASA,Village
DABHASA DIST.,District
DADAR (WEST,Town
DADHEDA,Town
DADRA,District
DADRI,Town
DAFAIPARA,Town
DAHANU,Town
DAHEDA,Town
DAHEJ,Town
DAHLEWADI,Village
DAHLIA,Town
DAHOD,District
DAKSHINA KANNADA,District
DALMAU DIST.,District
DAMOH,District
DANG,District
DANG DIST.,District
DANGS,District
DARBHANGA,District
DARJEELING,City
DARRAGH SALAAM ROAD,Town
DARRANG,District
DAUSA,District
DAUSOD,Village
DAVANAGERE,District
DEHRADUN,City
DELHI /NCR,Town
DEMNI,Town
DENKANIKOTTAI,District
DEOGARH,City
DEOJHAR,Town
DEORIA,District
DEULI,Town
DEVANAHALLI,Town
DEVAPUR DIST.,District
DEVBHOOMI,Town
DEVBHOOMI DWARKA,Town
DEVBHUMI DWARKA,Town
DEVIPURA,City
DEWAS,District
DEWAS DIST.,District
DHAMANPET,Town
DHAMARI,City
DHAMDHERE,Village
DHAMNI,Town
DHAMTARI,District
DHANBAD,City
DHANBAD EAST,Town
DHAPA,Village
DHAR,District
DHAR DIST.,District
DHARAMPUR,Town
DHARAMPUR VALSAD,Town
DHARAMSHALA,City
DHARAVI,Town
DHARMALEELAPURAM,Village
DHARMAPURI,District
DHARMAVARAM,City
DHARMAVARAM EAST,Village
DHARUHERA,Town
DHARWAD,District
DHAULA KUAN,Town
DHEMAJI,District
DHENKANAL,District
DHENKANAL DIST.,District
DHER,Village
DHODSAR,Town
DHOLPUR,City
DHORAN PARDI (TRIBAL AREA,Town
DHRANGADHRA,Town
DHUBRI,District
DHULE,District
DHULIYAN,Town
DIAMOND HARBOUR ROAD,Town
DIBANG VALLEY,District
DIBRUGARH,City
DIBRUGARH DIST.,District
DIBRUGARH SIVASAGAR,Town
DIFFERENT LOCATIONS IN UTTARAKHAND,Town
DIFFERENT VILLAGES OF DIST. OF NAGPUR,District
DIMAKUCHI DIST.,District
DIMAPUR,District
DINDIGUL,District
DINDIGUL DIST.,District
DINDORI,District
DIST.NAGPUR,District
DIST.S IN MAHARASHTRA,District
DIST.S IN UPPER,District
DIST.S OF ERNAKULAM THIRUVALLA CALICUT,District
DIST.S OF NAGPUR,District
DOBHI,District
DODA,District
DODDABANAHALLI,City
DODDAGUBBI,City
DOLVI,Village
DOMBIVALI,City
DONA PAULA,Town
DONGARGAON,City
DONGARGARG,Town
DONGRI,City
DORBA,Town
DR.HEDGEWAR RUGNALAYA,Town
DUBHEWADI,Village
DULIAJAN DIBRUGARH,Town
DUNGARPUR,Town
DUNLOD,Town
DURG,District
DURGAPUR,City
DWARKA,Town
EAST,Town
EAST CHAMPANER,Town
EAST CHAMPARAN,District
EAST DELHI,City
EAST GODAVARI,District
EAST GODAVARI DIST.,District
EAST GODAWARI,Town
EAST KHASI HILLS,District
EAST MEDINIPUR,Town
EAST MIDNAPORE,Town
EAST SIANG,District
EAST SIKKIM,Town
EAST SINGHBHUM,District
EAST SINGHBUM,Town
EDKARN AMBAGAR,Town
EGMORE,Town
EKLARI,City
EKNATHWADI,Village
ELAVUR,Town
ELURU,City
ENNORE,Town
ERNAKULAM,District
ERNAKULAM DIST.,District
ERODE,District
ERODE DIST.,District
ERODE DIST.S,District
ERRAGUNTA,Village
ESWARAPURAM,Village
ETAH,District
ETALIN,Village
ETAWAH,District
FAIZABAD,City
FARAKKA,District
FARAKKA DIST.,District
FARIDABAD,City
FARMERS TRAINING CENTRES AT THAL DIST.,District
FARRUKHABAD,District
FATEHGARH SAHIB,District
FATEHPUR,District
FATIKJAN GAON,Village
FEROZEPUR,Village
FIROZABAD,District
G.B.NAGAR,Town
G.I.D.C.,Town
G.I.D.C.DAHEJ,Town
G.P.,Town
GADAG,District
GADCHIROLI,District
GADEGAON,City
GAILPUR,City
GAJRAULA,Town
GAJWEL,Town
GANAPATHI,Town
GANDHAR DIST.,District
GANDHIDHAM,City
GANDHINAGAR,City
GANDHINAGAR DIST.,District
GANDHINAGAR DIST.S,District
GANDINAGAR,Town
GANGA PREM HOSPICE,Town
GANGA REJUVENATION,Town
GANGANAGAR,City
GANGANAGAR DIST.,District
GANGARAMPUR,Town
GANGTOK,City
GANJAM,District
GARDEN REACH,Town
GARHMUKTESHWAR,District
GARHWA,District
GARIABAND,District
GARIAHAT ROAD,Town
GAURIBIDANUR,Town
GAURIGANJ,District
GAUTAMBUDDHA NAGAR,Town
GAUTAMBUDHHA NAGAR,Town
GAYA,City
GETHIA,Village
GHATKOPAR,Town
GHAZIABAD,District
GHAZIPUR,District
GHEERAY HANSI,Town
GHODAVLI,Town
GHOGHA,Town
GIDHALI,Town
GILSUNDE,Town
GIR SOMNATH,District
GIR SOMNATH DIST.,District
GIRIDIH,District
GIRIM,Town
GIRIRAJ,Town
GOALPARA,District
GOBARDH ANPUR OF DEOJHAR G.P.,Town
GODAVARI,Town
GODAVARI DIST.,District
GODAWARI DIST.,District
GODDA,District
GODHAVI,Village
GOI,Town
GOINDWAL SAHIB,Town
GOLAN,Village
GOLAP RATNAGIRI,Village
GOLMURI,District
GONDA,District
GONDIA,City
GOPALGANJ,District
GOPALMATH,Town
GORAKHPUR,District
GOTAN,Town
GOTTIGERE,Town
GOVERDHAN,Town
GOVINDGARH,Town
GP BIRIKALA,Town
GP IN JODA BLOCK,Town
GREATER GIR LANDSCAPE,Town
GREATER NOIDA,City
GUA,Town
GUDUR,Town
GULBARGA,City
GUMLA,District
GUMLA DIST.,District
GUNA,District
GUNDLAMACHNOOR,Town
GUNJIS,Town
GUNTUR,City
GUNTUR DIST.,District
GURDASPUR,District
GURUGRAM,City
GURUGRAM DIST.,District
GURUVAYUR,Town
GUWAHATI,City
GWALIOR,City
H.D.KOTE,Town
H.M.T COLONY,Town
HAIDERPUR,Town
HALDIA,City
HALDIA EAST MIDNAPORE,Town
HALEPERESANDRA,Town
HALIYAL,Town
HALOL,Village
HAMIRPUR,District
HAMPI,Village
HANSAKA,Town
HAPUR,District
HARALI,City
HARBOUR,Town
HARDA,District
HARDOI,District
HARI NAGAR,Town
HARIDWAR,District
HARIPAL,District
HASSAN,District
HATHRAS,District
HATNOORA,Town
HATNOORA MANDAL,Town
HAUZ KHAS,Town
HAVERI,District
HAVERI DIST.,District
HAZARIBAG,City
HAZARIBAG DIST.,District
HAZARIBAGH,District
HAZIRA,Village
HEBBAGODI,City
HENNUR CROSS,Town
HIDAYATH NAGAR ROAD,Town
HIMMATNAGAR,Village
HINDUPUR,Town
HINGOLI,District
HINJEWADI,Town
HIRAPURBHATERA IN BALAGHAT DIST.,District
HISAR,District
HOBLI,City
HOLLAVANAHALLI,Village
HONNAKALASAPURA,Village
HOOGHLY,District
HOOGHLY DIST.,District
HOSAD,Village
HOSAPETE,City
HOSHANGABAD,City
HOSHANGABAD DIST.,District
HOSHIARPUR,District
HOSUR,Town
HOWRAH,City
HUBLI,City
HUGLI,District
HUSKUR,Town
HYDERABAD,City
HYDERPORA BYPASS CROSSING,Town
ICHAPURUM,Town
IGATPURI,Town
IGT MAHARASHTRA,Town
IMPHAL EAST,District
INDIRA NAGAR,Town
INDORE,City
INDORE DIST.,District
ISHWAR NAGAR,Town
ISNAPUR,Village
ITANAGAR,City
ITI BANDIPORA,Town
ITI CHANDEY IN SIKKIM,Town
ITI KANDA,Town
ITI KARGIL,Town
ITI KISHTWAR,Town
ITI LEH,Town
ITI POKHARA,Town
ITI RAMBAN,Town
ITI REASI,Town
ITI ROING,Town
ITI RUDRAPRAYAG,Town
ITI TABARIJO,Town
ITI TANAKPUR,Town
ITI URI,Town
JABALPUR,City
JABALPUR RATLAM,Town
JAGANNATHAPURAM,Village
JAGATHSINGHPUR,Town
JAGATSINGHPUR,Town
JAGDALPUR,City
JAGDISHPUR,District
JAGGUTHANDA,Town
JAINPUR,City
JAIPUR,City
JAISALMER,City
JAJPUR,District
JAJPUR KENDUJHA,Town
JAKHOD,Village
JALANDHAR,District
JALAUN,District
JALGAON,District
JALNA,District
JALORE,District
JALPAIGURI,District
JAMBUSAR,Town
JAMDOLI,Village
JAMMU,City
JAMNAGAR,City
JAMNAGAR DIST.,District
JAMSHEDPUR,City
JAMUI,District
JANGAON,District
JANJGIR,Town
JANJGIR-CHAMPA,District
JANTAR MANTAR,Town
JASHPUR,District
JASOLA VIHAR,Town
JASWANTGARH,Village
JAUNPUR,District
JAWAHAR,Town
JAYAM COLLEGE OF ENGINEERING,Town
JAYKAYPURAM,Village
JEDCHERLA MANDAL,Town
JEMUA,Town
JERALDABARU,Town
JHABUA,District
JHAHHAR,Town
JHAJJAR,District
JHANOR,Town
JHANSI,District
JHARKHAND PUBLIC SCHOOL,Town
JHARSUGUDA,District
JHUNJHUNU,District
JHUNJHUNU DIST.,District
JILLELAGUDA,Town
JIND,City
JOBNER,Town
JODA BLOCK,Town
JODHPUR,City
JOJOBERA,Village
JORHAT,City
JOSHPUR,Town
JUDGES ROAD RAMPUR,Town
JUGALPURA,Village
JUNAGADH,City
K.KONDURU,Village
K0TTAYAM,Town
KABIRDHAM,District
KACHCHH,District
KACHHE,Town
KADAPA,City
KADAYALUMOODU KANYAKUMARI DIST.,District
KADEBURU,Town
KADI,Town
KADIYALI,City
KAGAL,Town
KAHALGAON,District
KAIMUR,District
KAIRE,Village
KAITHAL,City
KAKADEO,Town
KAKINADA,City
KAKRAPAR,Town
KALA AMB,Town
KALAHANDI,District
KALAMASSERY,Town
KALAMBIST,Town
KALAMBOLI,Town
KALKAJI,Town
KALLIYAMPUDUR,Town
KALMESHWAR,Town
KALOL,City
KALOL FROM GANDHINAGAR,Town
KALPAKKAM,Town
KALTA,City
KALYAN,District
KALYANI,City
KAMARHATI,Town
KAMPTEE,Town
KAMRUP,District
KANAKAPURA,Town
KANCHEEPURAM,City
KANCHEEPURAM DIST.,District
KANCHEEPURAM DIST.S,District
KANCHIPURAM,District
KANDARA,Village
KANDARA OF JODA BLOCK,Town
KANDAVARA,Village
KANDHAMAL,District
KANDIVALI,Town
KANDLA,Village
KANGRA,District
KANHA NATIONAL PARK,Town
KANIHA DIST.,District
KANJHAWALA ROAD,Town
KANKER,Town
KANKROLI,Town
KANPUR,City
KANPUR DEHAT,District
KANPUR NAGAR,District
KANSBAHAL,Town
KANYAKUMARI,Town
KAPADA,Town
KAPURTHALA,District
KARAMANANGARI,Town
KARAMSAD,Village
KARAN NAGAR,Town
KARANSAHI,Town
KARELI,Town
KARGIL,Town
KARHIBADAR,Town
KARIMNAGAR,City
KARIMNAGAR DIST.,District
KARJAN,Town
KARJAN NAVI PARDI,Town
KARJAT,Town
KARKHELI,Village
KARNAJ SURAT,Town
KARNAL,District
KARONDIYA,City
KARUNAGAPPALLY,District
KARUR,District
KARUR DINDIGUL,Town
KARUR DIST.,District
KARVEER,Town
KARWAR,Town
KASAFAL,Town
KASARGOD,Town
KASAULI,Town
KASGANJ,District
KASHIPUR,Town
KASHMIR,Village
KASIPUR,Village
KASNA,Village
KASODA,Village
KASTURBA BALIKA VIDYALAYA,Town
KATHUWAS,Village
KATNI,District
KATOL DIST.,District
KATTAMURU,Village
KATUPALLI,Town
KAUSHAMBI,District
KAWARDHA,Town
KAWAS DIST.,District
KAYAMKULAM,Town
KAZIPALLY,Village
KAZIRANGA,Village
KEHRWARA TEHSILS,Town
KENDUJHAR,District
KEOJHAR,Town
KEONJHAR,District
KEONJHAR DIST.,District
KESINGA,Town
KGF,Town
KHALAPUR,Village
KHAMMAM,City
KHAMMAM DIST.,District
KHANDALA,Town
KHANDKE,Town
KHANDRA,Village
KHANDWA,District
KHANPUR,Village
KHANVEL,Village
KHAR,Town
KHARAGPRASAD,Town
KHARAGPUR,City
KHARDAH,Town
KHARDAHA,Town
KHARGHAR,Town
KHARGONE,District
KHARSAWAN,District
KHASRA NO 99,Village
KHATALWAD,Town
KHEDA,District
KHEDPA,Town
KHIJRABAD,Town
KHORDHA,District
KHUNTI,District
KHURDA,City
KHURDA DIST.,District
KHURDA DIST.S OF ODISHA,District
KHUSHKHERA,Village
KHWABGAH,Town
KINNAUR,District
KIRIBURU,Town
KISHANGANJ,District
KISHTWAR,Town
KIZHAKKENCHERY,Town
KOCHANGADI,Town
KOCHI,City
KODAKARA,Village
KODAKARA DIST.,District
KODAKARA PANCHAYAT,Village
KODERMA DIST.,District
KODIGEHALLI,City
KODIKANNAL,Town
KODLI,City
KOKRAJHAR,District
KOLAHAPUR,Town
KOLAR,District
KOLHAPUR,City
KOLKATA,City
KOLKATA DIST.,District
KOLLAM,City
KONA,Town
KONDAGAON,Town
KONDHWA,Town
KONKANI PADA,Village
KOPPAL,District
KOPPAL CHAMARAJANAGAR,Town
KORAPUT,District
KORATAKAGERE,Town
KORBA,District
KORIYA,District
KOTA,City
KOTE,City
KOTESHWAR,Village
KOTHAGUDEM,Town
KOTHAGUDEM SCHOOL OF MINES,Town
KOTHLAPUR,Village
KOTHUR MANDAL,District
KOTTAYAM,District
KOTTAYAM DIST.,District
KOYNA,Town
KOYYAGUDEM,Village
KOZHIKODE,City
KOZHIKODE DIST.,District
KR PURAM,Town
KRISHNA,Town
KRISHNAGIRI,District
KRISHNAGIRI DIST.,District
KRISHNAPUR DIST.,District
KULDIHA,Village
KULGAM,Town
KULLU,Town
KULLU DIST.,District
KUMARAKOM,Village
KUMBHALGARH,Town
KUMTA TEHSIL OF UTTARA KANNADA,Town
KUNDLI,City
KUNNATHUR,District
KURKUMBH,Town
KURNOOL,City
KURUKSHETRA,City
KURUMBAPALAYAM,Village
KURUNG KUMEY,District
KUSHINAGAR,Town
KUTCH,District
KUTCH DIST.,District
KUTEHR,Village
KUTESHWAR,Town
KUTHAMBAKKAM,Village
KUZUTHURA,Town
KYASARAM,Village
KYMORE,Town
LACHHMANGARH,Town
LAHANDA,Village
LAHANDA OF BIRIKALA G.P.,Town
LAHAUL,District
LAKHIMPUR,District
LAKHIMPUR KHERI,District
LAKSHMESHWARA,Town
LANGFORD GARDEN,Town
LATEHAR,District
LATUR,District
LEH,City
LILAPUR,Village
LIMDA,City
LOCAL,Town
LOCAL AREA,Town
LOCAL AREA 5 GPS.- ANSEIKALA,Town
LOCAL AREA ANSEIKALA,Town
LOCAL AREA BENGALURU,Town
LOCAL AREA BHARUCH,Town
LOCAL AREA BHILWARA,Town
LOCAL AREA BHIWADI,Village
LOCAL AREA CHC-BSUDEVPUR,Town
LOCAL AREA CHENDIPADA BLOCK,Village
LOCAL AREA CHENNAI,Town
LOCAL AREA DEHRADUN,Town
LOCAL AREA DELHI /NCR,Town
LOCAL AREA DINDIGUL,Town
LOCAL AREA FARIDABAD,Town
LOCAL AREA GHAZIABAD,Town
LOCAL AREA GHAZIABAD RUDRAPUR,Town
LOCAL AREA GOBINDPUR PRYSCHOOL,Town
LOCAL AREA GUJARAT,Town
LOCAL AREA GUNDECHA RAJPARDI NETRANG,Town
LOCAL AREA GURUGRAM,Village
LOCAL AREA KASHMIR,Town
LOCAL AREA KEONJHAR DIST.,District
LOCAL AREA KOLHAHUNDULA PRYSCHOOL,Town
LOCAL AREA KOLKATA,Town
LOCAL AREA MAHARASHTRA,Town
LOCAL AREA MUMBAI,Town
LOCAL AREA MURGAPRY SCHOOL G.P DEOJHAR,Town
LOCAL AREA NAGARJUNA,Town
LOCAL AREA NAM PROJECT HYDERABAD,Town
LOCAL AREA NAVI MUMBAI,Town
LOCAL AREA NEW DELHI,Town
LOCAL AREA OF 5 G.P.,Town
LOCAL AREA SRINAGAR,Town
LOCAL AREA VARANASI,Town
LOCAL AREA VILLAGE BALITA,Village
LOCAL AREA VILLAGE BILEIPADA,Village
LOCAL AREA VILLAGE BILEIPADA TO BIRIKALA,Village
LOCAL AREA VILLAGE JAMUKUNDIA PRIMARY SCHOOL JODA BLOCK,Village
LOCAL AREA VILLAGE KULDUM,Village
LOCAL AREA VILLAGE LAHANDA,Village
LOCAL AREA VILLAGE PUTUGAON,Village
LOCAL AREA VILLAGE SANKARPUR,Village
LOCAL AREA WEST BENGAL,Town
LOCAL AREA WEST GODAWARI DIST.,District
LOCAL PUBLIC OF NEARBY AREAS OF TROMBAY,Town
LOCAL TS,Town
LOCAL VILLAGE ATALI,Village
LOCAL VILLAGE DEV DHOLERA,Village
LOCAL VILLAGE JOLWA,Village
LOHAGHAT,District
LOHARAWAS SIKAR,Town
LOHARDAGA,District
LOHARGADA,Town
LOHIT,District
LONAVALA,Town
LOTE,Village
LOTE CHIPLUN,Town
LOTE MAHAD,Town
LOUGAON,Village
LOWER ASSAM,Town
LOWER DIBANG VALLEY,District
LUCKNOW,City
LUCKNOW DIST.,District
LUDHIANA,City
M HOSAHALLI,Village
MACHARAM,Village
MACHERLA IN GUNTUR DIST.,District
MACHILIPATNAM,City
MADANAPALLE,City
MADHEPURA,District
MADHOSINGH,Town
MADHUBANI,District
MADHUPUR,District
MADIPUR,Town
MADURAI,City
MADURANTHAKAM,Town
MAGADI,Town
MAGARWARA,Village
MAHABALESHWAR,Town
MAHABUBNAGAR,District
MAHABUBNAGAR DIST.,District
MAHAD,Town
MAHAD INDUSTRIAL AREA,Town
MAHALUNGE,Village
MAHAN,City
MAHBUBNAGAR,City
MAHENDRAGARH,District
MAHESANA,City
MAHESHWARAM MANDAL,Village
MAHIM,Town
MAHIPALPUR,Village
MAHOBA,District
MAHUAKHERA GANJ DIST.,District
MAINPURI,District
MAJRI KARALA,Town
MAKARPURA,Town
MAKHNU MAJRA,Town
MALAD EAST,Town
MALANDIGHI,Town
MALANPUR,City
MALAPPURAM,District
MALDA,City
MALIN,City
MALLEPALLY,Town
MALLIKAMBA IN WARANGAL DIST.,District
MALUR,City
MAMIT,District
MANALI,Town
MANAPAKKAM,Town
MANAPPARAI,Town
MANCHIKALAPUDI,Village
MANDAL,Town
MANDAL KARIMNAGAR DIST.,District
MANDAL MEDAK DIST.,District
MANDALS KHAMMAM DIST.,District
MANDAVI,Village
MANDHAR,Village
MANDI,District
MANDIDEEP,Town
MANDLA,District
MANDONI,Town
MANDONI PATELAD,Town
MANDSAUR,District
MANDYA,District
MANEJA,Town
MANESAR,City
MANGALAGIRI GUNTUR,Town
MANGALURU,City
MANGAON,Town
MANGROL,Town
MANIKKCHAMB,Town
MANMAD,Town
MANOHARPUR,District
MANSA,District
MANTHANI,Village
MAPUSA,Town
MARATHWADA,Town
MARGAO,Town
MARIGOWDA ROAD,Town
MARTHAPUR,Village
MARUNGI,Village
MARVEL,Town
MASAR,Village
MATA NO MADH ATPS,Town
MATHUR,Town
MATHURA,City
MAU,District
MAUTOR,Town
MAVAL,Town
MAYABUNDAR,Town
MAYAPURI,Town
MAYURBANJ,Town
MAYURBHANJ,District
MEDAK,District
MEDAK DIST.,District
MEDCHAL,Village
MEDCHAL RR DIST.,District
MEDINIPUR,City
MEERUT,District
MEGHAHATUBURU,Town
MEHSANA,Town
MELATTUR,Town
MELGHAT,Town
MEWAT,District
MHOW,Town
MHSALA,Town
MIDNAPORE,City
MIDNAPUR,Town
MINISTRY OF WATER RESOURCES,Town
MINJUR,Town
MIRA ROAD,Town
MIRZAPUR,District
MITHAPUR,Town
MOGA,District
MOHABBATPUR,City
MOHALI,Town
MOHAMMADWADI,Town
MOHOPADA,Village
MORADABAD,District
MORAMPUDI,Village
MORBI,District
MORENA,District
MORIGAON,Town
MORMUGAO,Town
MOTIHARI,City
MOUNT ABU,Town
MUDDAPUR,Village
MUDDENAHALLI,Village
MUDIS,Village
MUDRA,City
MUKANE,Town
MUKTSAR,City
MUKTYALA,Village
MUKTYALA IN KRISHNA DIST.,District
MULAKALAPALLY,District
MULSHI,Village
MUNCHINGPUT,Village
MUNDASAHI,Town
MUNDRA,Town
MUNGELI,Town
MUNGER FORT,Town
MUNNAR,Town
MUPPIREDDYPALLI,Town
MURADABAD,City
MURBAD,Town
MURSHIDABAD,Town
MUSSOORIE,Town
MUZAFFAR NAGAR,Town
MUZAFFARNAGAR,District
MUZAFFARPUR,District
MUZZAFARPUR,Town
MYSURU,City
NABHA,Town
NADIA,District
NADIAD,City
NAGAPATTINAM,District
NAGAR,Town
NAGARAM,Town
NAGARGAON,Village
NAGASANDRA,Town
NAGAUR,District
NAGOA,Village
NAGONDA,Town
NAGPUR,City
NAGPUR DIST.,District
NAGRIJULI T.E.,Town
NAHARKATIA,Town
NAHARPUR KASAN,Town
NAINI,Town
NAINITAL,District
NAJAFGARH,Town
NAKA,City
NALAGARH,District
NALAGONDA,District
NALANDA,Town
NALBARI,District
NALGONDA,City
NALGONDA DIST.,District
NALLAMBAKKAM,Town
NALLANUR,Town
NAMAKKAL,District
NAMCHI,District
NAMKUM,District
NANDED,District
NANDESARI,Town
NANDURBAR,District
NANGAL,Town
NANGLA,Village
NANGLOI,Town
NANITAL,Town
NANJANGUD,Town
NANMANGALAM,Town
NARAINA,Town
NARAJ MARTHAPUR,Town
NARASAPURAM WEST,Town
NARAYANPUR,District
NARMADA,Town
NARODA,Town
NARSAPUR TOWN OF NARSAPUR MANDAL,Town
NARSIPATNAM,Town
NASHIK,City
NASHIRABAD,Town
NASIK,Town
NASWADI,Town
NATIONAL LEVEL THROUGH FAEA,Town
NATIONAL MISSION FOR CLEAN GANGA,Town
NAUKUCHIATAL,Town
NAUPUR,Town
NAVADA,Village
NAVALLUR,Town
NAVAPURA,Village
NAVARANGPURA,Town
NAVELIM,Town
NAVGAON,City
NAVI MUMBAI,City
NAVI NAGRI,Town
NAVSARI,City
NAWADA,District
NAWALGARH,Town
NAWANSHEHAR,Town
NAYAGARH,District
NCR,Town
NEAR RAIWALA,Town
NEEMRANA,Town
NEEMUCH,District
NELAMANGALA,City
NELLIKUPPAM,Village
NELLORE,City
NENAVA,Town
NERAL,Town
NETHRALAYA,Town
NEW DELHI,City
NEWALI,Village
NEYVELI,Town
NIGDI,Town
NIGRIE,Village
NILAYAM,Town
NILGIRIS,District
NIMBAHERA,Town
NIRA,Town
NITTUR,City
NIZAMABAD,City
NOIDA,City
NOKHROY T.E.,Town
NOORPUR,Town
NORTH,Town
NORTH 24 PARGANAS,District
NORTH BIHAR,Town
NORTH DELHI,City
NORTH EAST DELHI,City
NORTH GOA,District
NORTH WEST DELHI,City
NOWGAM BYPASS CROSSING,Town
NUAPADA,District
NUMALIGARH,Village
ODDANCHATRAM,Town
OKHLA,Town
OLI OPERATIONAL AREA,Town
ONGOLE,City
OOTY,Town
ORGADAM,Town
OSMANABAD,Town
OTHER AREA,Town
OTHER AREA KOTA,Town
OUTSIDE THE LOCAL AREA IN SOUTH INDIA,Town
P.O. NAKHROLA,Town
P.O.SONARPUR,Town
PAALI,Town
PADARIYA,City
PADIYANALLUR,Town
PAHARPUR,District
PALAKKAD,District
PALAKKAD ERNAKULAM TRIVANDRUM KANNUR,Town
PALAKOYA,Town
PALAKOYYATHANDA,Village
PALAMAU,Town
PALAMU,District
PALGHAR,District
PALGHAR DIST.,District
PALI,District
PALLAVARAM,Town
PALLILAMKARA,Town
PALONCHA,Town
PALONCHA KHAMMAM DIST.,District
PALWAL,District
PANAJI,City
PANCHAYAT,Town
PANCHAYAT TALUK ANEKAL,Village
PANCHKULA,Town
PANCHMAHAL,District
PANCHMAHAL DIST.,District
PANCHWADI,Village
PANDHAREWADI,Village
PANELAV DIST.,District
PANIHATI,Town
PANIPAT,City
PANNA,District
PANT NAGAR,Town
PANTNAGAR,Town
PANVEL,City
PAONTA SAHIB,Town
PAPUM PARE,District
PARADEEP,Town
PARBHANI,District
PARIKARMA MARG,Town
PARLI,Town
PARREKODO,Village
PARSIGUTTA,Town
PASCHIM MEDINIPUR,District
PATALGANGA,Town
PATAN,District
PATANCHERU,Town
PATAUDI,City
PATHANAD AIMKOMBU,Town
PATHANAMTHITTA DIST.,District
PATHANKOT,District
PATIALA,District
PATNA,City
PATNAGAR,Town
PATRATU,Town
PATRAU,Town
PATTUKKOTTAI,Town
PATULIA,Town
PAURI GARHWAL,District
PAVAGADA,Town
PEDAVOORA,Town
PEDDABAYALLU,Town
PEENYA,Town
PERAMBALUR,District
PERAMBRA,Town
PERIYANAICKENPALAYAM,Town
PERUMBAKKAM,Town
PERUNDURAI,Town
PETTAMITTA,Town
PETTAVAITHALAI,Town
PHAGI,Town
PHAGWARA,Town
PILIBHIT,District
PILKHUWA,Town
PILLAYARKUPPAM,Village
PILUDARA,Town
PIMPRI,Town
PIPE NAGAR,Town
PITHAMPUR,City
PITHORAGARH,Town
PODANUR,Town
POGOAN,Town
POKHRAN,Town
PONDA,District
PONNERI,District
PONNURU MANDAL,Town
POOLAWADI,Village
POOVAR,Town
PORBANDAR,District
PORT BLAIR,City
POWERKHEDA,Town
PRABHADEVI,Town
PRAKALPA AN NGO,Town
PRAKASAM,District
PRASANTHI,Town
PRATAPGARH,District
PRATAPPUR,District
PRATHIPADU,District
PRAYAS SOCIAL WELFARE SOCIETY (REGD.,Town
PREMBARI PUL NEAR WAZIRPUR,Town
PUDUKKOTTAI,District
PUDUPAKKAM,Village
PUGALUR,Town
PULIMERU,Village
PULWAMA,District
PUNCHA,Village
PUNE,City
PUNJAGUTTA,Town
PURBA MEDINIPUR,District
PURI,City
PURNAPANI,Village
PURNEA,City
PURULIA,District
PURVI SINGHBHUM DIST.,District
PUSUGUDEM,Village
PUTTAPARTHI,Town
PUTTAPARTHY,Town
PYDIBHIMAVARAM,Town
RAEBARELI,District
RAGHAVENDRA NAGAR,Town
RAHARA,Town
RAICHUR,District
RAIGAD,District
RAIGAD DIST.,District
RAIGANJ,City
RAIGARH,District
RAIPUR,City
RAISEN,District
RAISEN DIST.,District
RAJAHMUNDRY,City
RAJALDESAR,Town
RAJAM,Town
RAJANANDGAON,Village
RAJGANGPUR DIST.,District
RAJGARH,District
RAJHAMUNDRY,Town
RAJIV GANDHI EDUCATION CITY,City
RAJKHARSAWAN,Town
RAJKOT,City
RAJNANDGAON,District
RAJSAM,Town
RAJSAMAND,District
RAJULA,Town
RAMACHANDRAPURAM,District
RAMAKRISHANA ASHRAM MARG,Town
RAMANAGARA,District
RAMANARA,Village
RAMANATHAPURAM,District
RAMBAN,District
RAMGARH,District
RAMPARA,Town
RAMPUR,District
RAMPURA,City
RAMTEK,Town
RANASTHALAM MANDAL,Town
RANCHI,City
RANCHI WEST,Town
RANGA REDDY,District
RANGA REDDY DIST.,District
RANGA REDDY MEDAK DIST.S,District
RANGAREDDY,Village
RANGIT,Town
RANIA,District
RANIGUNJ,Town
RANIPET,District
RANJANGAON,Village
RAPCHA,Town
RATLAM,District
RATNAGIRI,District
RATNAGIRI DIST.,District
RAU,Town
RAWANFOND,Town
RAXAUL DIST.,District
RAYAGADA,District
REASI,District
REDHILLS,Town
REDIYARCHATHIRAM,Town
REENGUS SIKAR,Town
REWA,District
REWARI,City
RIH,Town
RISEN,Town
RISHIKESH,Town
RIVER DEVELOPMENT,Town
RMJ KOSLI,Town
ROHA,Town
ROHINI,Town
ROHTAK,City
ROING,Town
ROMAI T.E.,Town
ROOPNAGAR,Town
ROORKEE,City
ROPAR,Town
ROURKELA,City
RUDARPUR,Town
RUDRAPRAYAG,District
RUDRAPUR,City
RURAL AREAS,Town
RURAL BENGALURU,Town
RURAL LUDHIANA,Town
RURAL TAMIL NADU,Town
S,Town
SABAR KAANTHA,Town
SABARKANTHA,District
SADIQ NAGAR,Town
SADRI,Town
SAGAR,District
SAHARANPUR,District
SAHARSA,District
SAHIBABAD,Town
SAHIBGANJ,District
SAHIBZADA AJIT SINGH NAGAR,Town
SAHUPURAM,Village
SAHUPURI,Town
SAKET,Town
SAKLESSHPURA,Town
SALAKATI,Town
SALAKATI DIST.,District
SALASAR,Village
SALEM,District
SAMALKOT,Town
SAMANA,City
SAMASTIPUR,District
SAMBA,District
SAMBAL,Village
SAMBALPUR,District
SAMBHAL,District
SAMBHALPUR,Town
SAMLAYA,Town
SAMPANBOLE,Village
SANAND,Town
SANATH NAGAR,Town
SANATHAL,Town
SANCHORE,Town
SANCOALE,Town
SANGAGIRI,Town
SANGAREDDY,District
SANGEUM,Town
SANGHIPURAM,Village
SANGLI,District
SANGRUR,District
SANJAY GANDHI TRANSP0RT NAGAR,Town
SANJAY GANDHI TRANSPORT NAGAR,Town
SANJAY NAGAR,Town
SANJAYNAGAR,City
SANKARA,Village
SANKILI,Village
SANQUELIM,Town
SANQUELIM CODLI,Town
SANT KABIR NAGAR,District
SANT RAVIDAS NAGAR,District
SANYASIKUPPAM,Town
SAPHALE,Town
SARAGURU,Village
SARAIKELA,District
SARAN,District
SARANDA,Village
SARGUJA,Town
SARIEKELA,Town
SARIGAM,Village
SARNATH,Village
SAROORNAGAR,District
SATARA,District
SATARA DIST.,District
SATHYAMANGALAM,District
SATNA,District
SATNAGAR IN KAROL BAGH,Town
SATPURA HOSHANGABAD,Town
SATTUR,District
SAUGOR,Town
SAURASHTRA,Town
SAVARKUNDLA,Town
SAWAI MADHOPUR,District
SAWAI MADHOPUR DIST.,District
SECTOR 15,Town
SECTOR 37-D,Town
SECTOR 5,Town
SECTOR 89,Town
SECUNDERABAD,City
SEEMANDHARA,Town
SEHORE,District
SEKHARAMBANJARA,Town
SENAKUPPAM,Village
SEONI,District
SERAIKELA,District
SERAIKELA-KHARSAWAN,District
SHADOL,Town
SHAHABAD,Town
SHAHAPUR,City
SHAHDOL,Town
SHAHEED BHAGAT SINGH NAGAR,District
SHAHIBAUG,Town
SHAHJAHANPUR,District
SHAHPUR,Town
SHAJAPUR,District
SHALIMAR BAGH,Town
SHAMEERPET,Town
SHAMLI,District
SHAMNAGAR,City
SHANKARGARH,City
SHEKPURA,City
SHEOPUR,District
SHIBPUR,Town
SHIMLA,City
SHIMOGA DIST.,District
SHINDAWANE,Town
SHIRDI,Town
SHIRKI,Town
SHIROHI,Town
SHIRPUR,City
SHIRUR,District
SHIVAJI MILITARY SCHOOL,Town
SHIVANAHALLI,City
SHIVPURI,District
SHIVPURI DIST.S,District
SHIYAL BET,Town
SHIYAL BET IN TALUKA JAFFRABAD,Town
SHIZHIGANALLUR,Town
SHOLAPUR,City
SHOLTU,Town
SHRAVASTI,Village
SHRIRAMPUR,City
SIBAPUR,Town
SIBSAGAR,City
SIDHHARTHNAGAR,Town
SIDHI,District
SIHORE,Village
SIKANDRABAD,City
SIKAR,District
SIKHAR,Town
SILIGURI,City
SILTARA,City
SILVASSA,City
SIMGA,Town
SIMHADRI DIST.,District
SINDHIPURA,City
SINDHUDURG,District
SINDONI,Town
SINGABHUPALEM,Town
SINGAMPATTI,Village
SINGHBHUM,District
SINGHBHUM EAST,Town
SINGRAULI,District
SINNAR,Town
SIPAT BILASPUR,Town
SIRMAUR,District
SIROHI,District
SIRSA,District
SIRSAIM,Town
SIRSI,Town
SIRUSEN,Town
SISWAL,Village
SITAMARHI,Town
SITAPUR,District
SITARGANJ,Town
SITASAONGI BHANDARA DIST.,District
SIVAGANGA,Town
SIVASAGAR,City
SIX VILLAGES IN VALSAD,Village
SODEPUR,Town
SOHNA,City
SOLAN,City
SOLAN DIST.,District
SOLAPUR,District
SOLAPUR DIST.,District
SOMNATHPUR,Village
SOMPURA,City
SONBHADRA,District
SONEBHADRA,Town
SONEBHADRA DIST.,District
SONEPAT,Town
SONIPAT,City
SONITPUR,District
SONITPUR DIST.,District
SOOTEA GOLAGHAT,Town
SOUTH 24 PARGANAS,District
SOUTH DELHI,City
SOUTH GOA,District
SOUTH SIKKIM,Town
SOUTH WEST DELHI,City
SPITI,District
SRI GANGANAGAR,District
SRIKAKULAM,City
SRIKAKULAM DIST.,District
SRIMADHOPUR,Town
SRINAGAR,City
SRINIWASPURI,Town
SRIPERUMBUDUR,Town
SSIDDIPET MEDAK DIST.,District
SUBANSIRI,Town
SUBURBS,Town
SUDKOLI,Town
SUKMA,District
SUNDARGARH,District
SUNDER NAGAR,Village
SUNDERGARH,Town
SUNWANI GOPAL,City
SUPA,Village
SURAGAJAKKANAHALLI,City
SURAGAJAKKANAHALLI PANCHAYAT,Village
SURAT,City
SURATGARH,Town
SURENDRANAGAR,District
SURGUJA,District
SURROUNDING VILLAGES,Village
SURYAPET,District
SUTARWADI,Village
SUTRAPADA DIST.,District
SUVALI,Town
TADA,Town
TAIMOOR NAGAR,Town
TALASARI,Town
TALCHER,Town
TALEGAON,Town
TALHATI,Village
TALODARA,Town
TALOJA,Town
TALUK ANEKAL,Town
TALUK LALGUDI,Town
TALUK PONNERI,Town
TALUKA,Village
TALUKA ANKLESHWAR,District
TALUKA ERODE,Town
TALUKA JAFFRABAD,Town
TALUKA MADURANTAKKAM,Town
TALUKA MADURANTAKKAM KANCHEEPURAM DIST.,District
TALUKA MANSA,District
TALUKA MAVAL,Town
TALUKA MULSHI,Town
TALUKA NALAGARH,Town
TALUKA PANVEL,Town
TALUKA RAJGURUNAGAR,Town
TALUKA RAJULA,District
TALUKA SAN,Town
TALUKA SANDUR,Town
TALUKA SANGAMESHWAR,District
TALUKA SANGOLA,Town
TALUKA SAVLI,District
TALUKA URAN,Town
TALUKA VELHE,Town
TAMBARAM,Town
TAMMACHERUVUKATTA,Town
TANDA,District
TANDAVAPURA,Village
TAPI,Town
TAPI DIST.,District
TARAPUR,Town
TARATALA,Town
TARDEO,Town
TARN TARAN,District
TAURU,Town
TAWA NAGAR,Town
TAWANG,City
TECHNOLOGY,Town
TEESTA,Town
TEHRI,District
TEHRI GARHWAL,District
TEHSIL KHANDAR,District
TEKADHORA,Town
TEKKALI,Town
TEKKALI MANDAL,Town
TEKULAPALLY,Village
TELANGANA (ADILABAD,Town
TELANWALI,Town
TENSA,Town
TEZPUR,District
THAL,Town
THALAIYAMPET,Town
THAMANAPETTAI CUDDALORE DIST.,District
THAMENGLONG,Town
THANDA,Town
THANDALAM DIST.,District
THANE,District
THANE DIST.,District
THANJAVUR,District
THANJAVUR DIST.,District
THENI,District
THERMAL,Town
THIMMAPUR,Village
THINGALORE ERODE,Town
THIRUBUVANAI,Village
THIRUCHIRAPALLI,Town
THIRUMALE,Town
THIRUMEERMALAI,Town
THIRUMEERMALAI DIST.,District
THIRUNELVELI,Town
THIRUVALLA,Town
THIRUVALLUR DIST.,District
THIRUVANANTHAPURAM,City
THIRUVARUR,District
THIRUVOTTIYUR,Town
THOOTHUKUDI,District
THRISSUR,City
THRISSUR DIST.,District
TINSUKIA,Town
TINSUKIA DIST.,District
TIRODA,Town
TIRUCHIRAPPALLI,City
TIRUCHIRAPPALLI DIST.,District
TIRULDIH,Town
TIRUNELVELI,District
TIRUPATI,City
TIRUPPUR,District
TIRUVALLUR,Town
TIRUVALLUR DIST.,District
TIRUVANNAMALAI,District
TIRUVANNAMALAI DIST.,District
TIRUVARUR,Town
TIRUVOTTIYUR,Town
TITAGARH,Town
TOANSA,Town
TONDIARPET,Town
TONK,District
TOOPRAN,Town
TRANSPORT NAGAR,Town
TRICHUR,City
TRICHY,City
TRICHY DIST.,District
TROMBAY,Town
TUDAL,Village
TUGHLAKABAD,Town
TUMAKURU,District
TUMKUR,City
TURUVEKERE,Town
TUTICORIN,City
TWENTY THREE VILLAGES,Village
TYMAGONDALU IN TALUK NELAMANGALA,Town
UDAIPUR,City
UDALGURI BTAD,Town
UDANPU,Town
UDASA DIST.,District
UDHAM SINGH NAGAR,District
UDHAMPUR,City
UDHAMSINGH NAGAR,Town
UDUMALPET,Town
UDUPI,District
UJJAIN,City
UKWA,Village
UKWA IN BALAGHAT DIST.,District
UNA,District
UNAKOTI,District
UNCHAHAR,District
UNNAO,District
UPPERSIANG,Town
URAN,Town
URBAN SLUM SABARMATI,Town
URNI,Village
USGAON,City
UTIYA,Town
UTTAR BARANDARI,Town
UTTAR DINAJPUR DIST.,District
UTTAR KANNADA,Town
UTTARA KANNADA DIST.,District
UTTARAKHAND (DEHRADUN,Town
UTTARANCHAL,State
UTTARKASHI,District
V.V.PURAM,Town
VADADALA,Village
VADAKKENCHERY,Town
VADODARA,City
VADODARA DIST.,District
VAIJAG DIST.,District
VAISHALI,District
VAISHET,Town
VALLABH,Town
VALLABHNAGAR,Town
VALSAD,District
VALSAD SAWAR KANTA,Town
VANSDA,Village
VAPI,Town
VARANASI,City
VARANSI,Town
VARIOUS DIST.S IN MADHYA PRADESH,District
VARIOUS VILLAGES,Village
VARUDE,Town
VASANT VIHAR,Town
VASHI,Town
VASIND,Town
VATVA,Town
VAVARLE,Village
VAVEGHAR,Town
VAZHAKULAM,Village
VAZHOOR,Village
VAZHOOR REGIONS,Town
VELAS,Village
VELIM,Village
VELLORE,District
VERAVAL,City
VERNA,Town
VIDARBHA,Town
VIDHYANCHAL SINGRAULI,Town
VIDISHA,District
VIDYANAGAR DIST.,District
VIJAIPUR,City
VIJAYANAGAR,Town
VIJAYANAGARAM,City
VIJAYANAGARAM DIST.,District
VIJAYAPURA,District
VIJAYAWADA,City
VIJAYGANJ MANDI,Town
VIJAYNAGAR,Town
VIJAYWADA,Town
VIKASNAGAR,District
VIKASPURI,Town
VIKHROLI,Town
VIKRAMGAD,Village
VILE PARLE,Town
VILLAGE ALUR,Village
VILLAGE AMOOR,Village
VILLAGE BAGLA,Village
VILLAGE BAKROL,Village
VILLAGE BANGACHOWK,Village
VILLAGE BAONGAIGAON,Village
VILLAGE BARENGABARI,Village
VILLAGE BHEEMDEVARPALLY,Village
VILLAGE BHERAI RAMPARA,Village
VILLAGE BILEIPADA,Village
VILLAGE BORAPATLA OF HATNOORA MANDAL,Village
VILLAGE BURUGUPUDI,Village
VILLAGE BYAVARA,Village
VILLAGE CHIKLA,Village
VILLAGE DABILPUR,Village
VILLAGE DANDO,Village
VILLAGE DARYAPUR,Village
VILLAGE DHAMATVAN,Village
VILLAGE DHAMNE,Village
VILLAGE DHARMAVARAM,Village
VILLAGE DONTAMURU,Village
VILLAGE GAYATRI NAGAR,Village
VILLAGE GOHRI MAPHI,Village
VILLAGE GOLLAMUDIPADU,Village
VILLAGE GORINTA,Village
VILLAGE GUNDLAMACHNOOR,Village
VILLAGE GUWARA,Village
VILLAGE HUSSAIN PURAM,Village
VILLAGE JAITPUR,Village
VILLAGE JARIKOT IN NANDED DIST.,District
VILLAGE JORI,Village
VILLAGE KAKINADA,Village
VILLAGE KALIAN,Village
VILLAGE KANCHEEPURAM,Village
VILLAGE KANDRAKOTA,Village
VILLAGE KANHE,Village
VILLAGE KARUVELI,Village
VILLAGE KASGHAR,Village
VILLAGE KATTUR,Village
VILLAGE KHARWALON KI DHANI,Village
VILLAGE KHETAINAGAR,Village
VILLAGE KHOTIDARIFA,Village
VILLAGE KOCHILAMADA,Village
VILLAGE KOWDIPALLY,Village
VILLAGE KUJAD,Village
VILLAGE KURAR,Village
VILLAGE MANDEDE,Village
VILLAGE MANJAKUDI,Village
VILLAGE MASKA MANDVI,Village
VILLAGE MENDHAKI,Village
VILLAGE MOHKEDI,Village
VILLAGE MUNDEGAON,Village
VILLAGE NANDIGAMA,Village
VILLAGE PADGE,Village
VILLAGE PANOLI,Village
VILLAGE PANWADIA,Village
VILLAGE PUDUPATTU,Village
VILLAGE RAMPUR,Village
VILLAGE RANASTHALAM MANDAL,Village
VILLAGE RANGAPUR,Village
VILLAGE RANGOLI,Village
VILLAGE RAVIVALASA,Village
VILLAGE ROJHANI,Village
VILLAGE SADODH,Village
VILLAGE SARAGADAPETA,Village
VILLAGE SATHAMMAI,Village
VILLAGE SAWANTWADI,Village
VILLAGE SHIYA,Village
VILLAGE SINDONI,Village
VILLAGE SRIKAKULAM,Village
VILLAGE SURLA,Village
VILLAGE TAPAPADA,Village
VILLAGE TEMBHODE,Village
VILLAGE THALLAPALEM IN VISAKHAPATNAM DIST.,District
VILLAGE TIZIT MON,Village
VILLAGE VARISAM,Village
VILLAGE WADIWALE,Village
VILLAGES BHESTAN,Village
VILLAGES HATNOORA,Village
VILLAGES NEAR MASKA,Village
VILLAGES NEAR PANANDHRO,Village
VILLAGES NEAR RAJPARDI,Village
VILLAGES OF GOGUNDA,Village
VILLAGES OF PATANCHERU MANDAL,Village
VILLAGES OF THAL AREA,Village
VILLUPURAM,Town
VILUPPURAM,District
VINUKONDA,Town
VIRAR,District
VIRUDHUNAGAR,District
VIRUDHUNAGAR DIST.,District
VISAKHAPATNAM,City
VISHAKAPATHNAM,City
VISHNUPRAYAG,Village
VITTAI PALLY AMANGAL,Town
VIZIANAGARAM,City
VOMMANGI,Village
VRINDAVAN,Town
VUYYURU,Town
VYASA,Village
WADA,Town
WADA BLOCK THANE DIST.,District
WADGAONPEER,Village
WADI,Town
WAGHODIA,Town
WAI,District
WANIYAR,Town
WARANGAL,City
WARDHA,District
WARJE,Town
WARTHI,Town
WARUD DIST.,District
WARUDE,Town
WASHIM,District
WAYANAD,District
WEST CHAMPARAN,District
WEST DELHI,City
WEST GODAVARI,District
WEST GODAVERI,Town
WEST SINGHBHUM,District
YADGIRI,Town
YAMUNA NAGAR,Town
YANAM,Town
YASWANTPUR,Town
YAVATMAL,District
YELAHANKA,Town
YETALA,Village
ZAHEERABAD,Town
ZUARINAGAR,Town
KHERWADI,Town
LAKSHADWEEP,State
MUMBAI),City
AAGAR,Town
AATHANOOR,Town
ABDIMANDI,Village
ABU ROAD,Town
ADIPUR,Town
ADJAAL,Town
AJNI,Town
ALLEPPEY,Town
ALOK,Town
AMARWARA,City
AMDANDA,City
AMEERPET,Town
AMELIA,Town
ANAGAPUTHUR,Town
ANAIKATTI,Village
ANANDDHAM,Town
ANDHERI,Town
ANDUL,Town
ANGRA,Town
ANKALAS,Town
ANNAMALAI,Town
ANNOPSHAHR,Town
ANUPPUR,District
ARADHANADHAM,Town
ARARIA,Town
ARNAVOYAL,Town
ASHRAM,Town
ASHTA,City
ASRONDI,Town
ATHOLA,Town
BADHOI,Town
BADNAGAR,Village
BADWANI,Village
BAGANPARA,District
BAGODAR,District
BAIKAMPADY,Village
BAJPUR,City
BAKSA,District
BALIJAN,Village
BANASTHALI,Town
BANASWARA,Town
BANDIPUR,City
BANDRA,Town
BANTUPALLI,Village
BARAMATI,District
BARASAT,City
BARBANKI,Town
BARDEZ,District
BARDOLI,Town
BARRACKPORE,City
BASAHI,Town
BAVLA,Town
BAZPUR,Town
BEGUR,City
BELUR,Town
BELUR MATH,Town
BELWA,City
BETUL,District
BHATIA,City
BHAYANDAR,Town
BHESTAN,Town
BHIKAJI CAMA PLACE,Town
BHIMASAR,Village
BHIMTAL,Town
BHONGIR,Town
BILSARAYAN,Town
BINWADA,Town
BIRGAON,City
BISHNUPUR,Town
BONGAIGOAN,Town
BONHOOGHLY,Town
BRAMHANWADI,Village
BUDASAN,Town
CHADEL,Town
CHAKAN,Town
CHAMPA,Town
CHANDEL,City
CHANDEY,Town
CHANDIMANDIR,Town
CHATRA,District
CHHARODI,Town
CHHOTA UDAIPUR,District
CHICHPALLI,Village
CHIDAMBARAM,Town
CHINCHOLI,Town
CHIRAKOOT,Town
CHIRALA,Town
CHIRANG,District
CHIRAWA,Town
CHITOOR,Town
CHORYASHI,Town
CHUNAR,Town
CONNAUGHT PLACE,Town
COWL BAZAAR,Town
CUDAPPAH,Town
CUMBUM,Town
DABURJEE,Town
DADAR,Town
DALHOUSIE,District
DALTANGANJ,Town
DAMAN,City
DANKAUR,Village
DANTEWADA,District
DARLAGHAT,District
DEDIAPADA,Town
DEHRAND,Town
DELANGA,District
DERABASSI,Town
DESAI FALIYA,Town
DEVGAD BARIA,Town
DHAMRA,Village
DHANKHET,Town
DHARAMPURI,City
DHARSIWA,Town
DHASIWAN,Town
DHELA,Town
DIPKA,Town
DOBBASPET,Town
DODDABALLAPUR,Town
DOMBIVLI,District
DONGARBORE,Town
DOONDLODH,Town
DRONAGIRI NODE,Town
DUDHWADA,Town
DULKI,Village
DUMKA,Town
DUNDIGAL,Village
DUNSANDLE,Town
EKANGAR SARAI,Town
ERANHIPALAM,Village
FAKRABAD,Village
GACHIBOWLI,Town
GADHSHISA,Town
GADKHOL,Town
GAJAPATI,District
GANDHIGRAM,Village
GANGAKHED,District
GANPAT VIDYANAGAR,Town
GAUTAM PURI,Town
GHORAKHAL,Village
GIDDARBAHA,Town
GIDE,Town
GIRNAAR JI,Town
GODHRA,City
GOPALPUR,District
GOVANDI,Town
GRAM,Town
GREATER KAILASH - I,Town
GUDALUR VALLEY,Village
GUDUVANCHERRY,Town
GULMOHAR PARK,Town
GUMMADIPUNDI,Town
HABRA,City
HAILAKANDI,Town
HALDA,Village
HANUMAN JUNCTION,Town
HARIA,City
HASANPUR,Town
HATA,Town
HENKANAL,Town
HINGANA,City
HOSPET,City
IDUKKI,District
IGT,Town
IIT ROORKEE,Town
IMPHAL,City
JACKKE,Town
JAGATHY,Town
JAHANABAD,City
JAIRAMPUR,City
JAMBHUL,Village
JAMO,Town
JAMUGAM,Town
JANKI KUND,Town
JASDAN,Village
JASIDIH,Town
JAVADHU HILLS,Town
JAWAHAR NAGAR,Town
JAWHAR,Town
JEHANABAD,District
JEYPORE,Town
JHALAWAR,District
JHANDEWALAN,Town
JHARLI,Village
JIRIBAM,Town
JODA,District
JUHU VILEPARLE,Town
KABIR NAGAR,Town
KACHIGAM,Town
KADAPAKKAM,Town
KADIPANI,Town
KAIZALEY,Town
KAMRUP METROPOLITAN,District
KAMRUP RURAL,Town
KANCHAL FALIYA,Town
KANDA,District
KANKE,District
KANNAGI NAGAR,Town
KANNUR,City
KANOD,City
KARAIKAL,Town
KARAULI,District
KARCHAM,Town
KARKARDOOMA,Town
KAROL BAGH,Town
KARSANG,Village
KASRAWAD,City
KATHA,City
KATHUA,City
KATIHAR,District
KATOL,City
KATPADI,District
KAWAI,City
KELCHA MAL,Town
KENDRAPUR,Town
KENGERI,Town
KHAGARIA,District
KHAIRATABAD,Town
KHAJURAHO,Village
KHANNA,City
KHARIGRAM,Village
KHATIMA,Town
KHATUWAS,Town
KHERWA,City
KHODIYAR,Village
KHOLA,Village
KHOPOLI,Town
KHORDA,City
KIRTI NAGAR,Town
KODERMA,District
KODINAR,Town
KOHIMA,City
KOHLAPUR,Town
KOLASIB,District
KOLKHE,Town
KOLLAPUR,Town
KONDAPALLI,Town
KONKAN,Town
KORAMANGALA,Town
KORPANA,Town
KOSI KALAN,Village
KOSMI,City
KOTPUTLI,Town
KOVALAM,Town
KOVILAMBAKKAM,Town
KOYILANDY,Town
KUILISUTA,Town
KUMAON,Village
KUMBAKONAM,City
KUMREK,Town
KUNDAL,Town
KUTHREL,Town
LADNU,Town
LAKARPUR,Town
LAKHISARAI,District
LAKHMAPUR,Village
LALITPUR,District
LALRU,Town
LAMBHUA,District
LAXMIPURA,City
LEPAKSHI,Town
LILUAH,Town
LOHARA,City
LONGDING,District
LONI,City
MACHERLA,Town
MADHOPUR,City
MAHASAMUND,District
MAHAVIR INTERNATIONAL DELHI,Town
MAJERHAAT,Town
MAJHAULI,Town
MAJULI,District
MALIHABAD,District
MALWA,Village
MANAMADURAI,District
MANCHESWAR,Town
MANDVI,Town
MANKEPADA,Village
MARAWAR MUNDWA,Town
MASWAD,Town
MATA NO MADH,City
MEDAVAKKAM,Town
MGR NAGAR,Village
MIRAJ,District
MIZAPUR,Town
MOHADI,Town
MOHALA,City
MOHITEWADI,Village
MOHOJDEVDE,Town
MOHOL,District
MOKHADA,Village
MOLARBAND,Town
MUJUNGAVU,Town
MUKTARAMBABU,Town
MUKUNDGARH,Town
MUNDEGAON,Village
MUNGER,District
MUNINDA,Town
MUNSAR,Town
NABRANGPUR,Town
NADIKUDI,Village
NAGAON,District
NAIGAON,Town
NALANCHIRA,Town
NANAKAPAYA,Town
NANDAGOKUL,Village
NANDAYAL,Town
NANDIGAMA,Town
NANDIGAON,Village
NANGALIA,Town
NARAINPUR,City
NARASARAOPET,City
NARASINGAPURAM,Village
NARSINGHPUR,District
NARSOBAWADI,Town
NATHDWARA,Town
NAUBATPUR,District
NAVAATAOLA,Town
NAVATIRUPATI,Town
NAVATOLA,Town
NAVRANGPURA,Village
NAYA RAIPUR,Town
NETRANG,Town
NEW MULUND,Town
NEW PANVEL,Town
NONADANGA,Town
NOOMBAL,Town
NORTH GUWAHATI,District
NORTH KARNATAKA,Town
NUH,District
OKHA,Town
OKKIYAM,Town
OSARA,City
OYAN,Town
PACHPADRA,Town
PADAVEDU,Village
PADGHE,Town
PAHADI,City
PALANPUR,City
PALLI,City
PALLIKARANAI,Town
PAMBA,Town
PANANDHRO,Village
PANDHRO,Town
PANGODE,Town
PANOLI,Town
PANWARIA,Town
PARDI,Town
PARNERA,Town
PASCHIM CHAMPARAN,Town
PATELAD,Town
PATHAGAR,Town
PATHANAMTHITTA,District
PATHANAPURAM,Town
PERUNGUDI,Town
PETH,City
PEYAD,Town
PHILLOR,Town
PHOOLPUR,Village
PILANI,Town
PONNAMPET,Town
POOJAPURA,Town
POOLAM,Town
POONCH,Town
POTHEPALLI,Town
PRAJWALA,Town
PULICAT,Town
PURBI CHAMPARAN,Town
PUSEWADA,Town
RABRIYAWAS,Town
RADHAPURAM,District
RAGIHALLI,City
RAIGHAD,Town
RAJAMUNDRY,Town
RAJAPET MANDAL,Village
RAJARHAT,Town
RAJGIR,Town
RAJPARDI,Village
RAJPURA,City
RAM NAGAR,Town
RAMKOLA,City
RAMPUR JATTAN,Town
RANGPO,Town
RANIKHET,District
RANTHAMBHORE,Town
RAS,Village
RAVVA,Town
RAWATBHATA,Town
RC PURAM,Town
REDIVARIPALLI,Town
REHLA,City
RENGALI,Town
RENUKOOT,Town
REPALLE,Town
REWASA,Village
RI BHOI,District
RISHRA,Town
ROHELA,Village
RUPNAGAR,District
SABARIMALA,Village
SADIYA,District
SAGAR TALUQ,Town
SAHASTRADHARA,Village
SALAIDHABHA,Town
SALAPUR,City
SAMAGHOGHA,Town
SAMALKHA,District
SAMINATHAPURAM,Village
SAMITI,Town
SANGALI,Village
SANGHERA,Village
SANJALI,Town
SANKARNAGAR,Village
SANKRAIL,District
SARAIKELA-KHARSAWAN,District
SARJAPURA ROAD,Town
SARSAV,Village
SASTHAMANGALAM,Town
SATE,Village
SATHARIA,Town
SATNOOR,City
SAWANGA,City
SEALDAH,Town
SEIJOSA,District
SENAPATI,District
SEWAPURI,Town
SHADHARA,Town
SHAHDARA,City
SHALIMAR,Town
SHANTIGIRI,Town
SHERPUR,City
SHILLONG,City
SHIMOGA,District
SHIVAMOGGA,City
SHOLINGANALLUR,District
SHOLINGUR,Town
SHOVARAM BASAK,Town
SHRAVANABELAGOLA,Town
SHRUJAN,Town
SHUKUL BAZAR,Town
SHYAMPUR,City
SIDHPUR,Village
SILVASAGAR,Town
SILVASAILAM,Town
SIMDEGA,District
SINGHPUR,Town
SION MUMBAI,Town
SIROLI,Town
SOJAT,Town
SOLA,Town
SOMNATH,Town
SONAGIRI,Village
SONARPUR,District
SONEPUR,District
SRIKALAHASTI,Town
SRIRAMPORE,City
SUCHINDRUM,Town
SUDERGARH,Town
SULTANPUR,District
SUNDARBANS,Town
TABARIJO,Town
TADKESHWAR,Town
TADO,Village
TAJPURA,City
TAMENGLONG,Town
TANAKPUR,Town
TENALI,City
THALAIYUTHU,Town
THANA,City
THEMLONG,Town
THIRUKKURUNGUDI,Town
THORAIPAKKAM,Town
TIKAMGARH,District
TILIJA,Town
TIMMAPUR,Village
TIPTUR,Town
TORANAGALLU,Village
TRICHI,Town
TRIMBAK,Town
TRIMBAKESHWAR,Town
TRIPRAYAR,Town
TUENSANG,District
TUKUMR,Town
TUMKUNTA,Village
UDAIPURA,City
UDALGURI,District
UDHAGAMANDALAM,Town
UKRAULI,City
UMARSAR,Village
UMBERGAON,Town
UMRETH,Town
UPPER MAMRING,Town
URAPAKKAM,Town
URAWADE,Village
UTTARAHALLI,Town
UTTARPARA,Town
VADALI,Town
VADATHORASALUR,Town
VALAPAD,Village
VALLA,Village
VANGAON,Town
VANI,Village
VARDHA,City
VASAI,Town
VASUDEVANALLUR,Village
VASUNDHARA,Town
VEERAPURAM,Village
VELACHERY,Town
VELLIVOYALCHAVADI,Town
VENKATAGIRI,Town
VIDYA NAGAR,Town
VIKAS PURI,Town
VILAPPILSALA,Village
VIP NAGAR,Village
VYARA,Town
VYPIN,Town
WALUJ,Town
WARORA,Town
WEST BOKARO,Town
WEST KHASI HILLS,District
WEST MEDINIPUR,Town
WEST SIANG,District
WHITEFIELD,Town
WORLI,Town
YALAHANKA,Village
YERAWADA,Town
YEVATMAL,Town
ZIRAKPUR,Town
),Town
(2 DIST.S,District
ABDULLAPUR,City
AKBARPUR,City
AMATALA,Town
AMBAKKAM,Town
AMBHETA,Village
ANANDPUR,District
ANANGPUR,Town
ANDHRA PRADESH (8 DIST.S,District
ANDHRA PRADESH (9 DIST.S,District
ANDIPATTI,District
ANGAMALY,Town
ANNARAM,Village
ANTERVEDIPALEM,Town
ARAPUKOTTAI,Town
AROOKUTTY,Village
ARUNACHAL PRADESH (2 DIST.S,District
ARUNTHAVAPURAM,Village
ASAOTI,Town
ASSAM (11 DIST.S,District
ATHIPET,Village
ATTAPADI,Town
ATTINGAL,Town
AURANJPUR,Town
AYODHYA,City
AZIZ NAGAR,Town
BACHUPALLY,Town
BADGAM,Town
BADLI,Town
BAGEPALLI,Town
BAGHEY,Town
BAHADOLI,Town
BALODA,City
BALOTRA,Town
BANDHWARI,Town
BARAGARH,Town
BARIPADA,City
BAROTIWALA,Town
BAWANA,Town
BAZARGAON,Village
BELAGAVADI,Village
BELLEM,Town
BENARAS,City
BERCHA,Town
BERWANI,Town
BETKUCHI,Town
BHADARVA,Town
BHADRADRI KOTHAGUDEM,District
BHADRESAR,Village
BHADURPURA,Town
BHANDGAON,Village
BHERAI,Town
BHOGAPURAM,District
BHUNDI,City
BIHAR (15 DIST.S,District
BINOLA,City
BODLA,Town
BOTAD,District
BOUDH,District
BRAHMAPUR,City
BUGRA,Village
BURHANPUR,District
CADALORE,Town
CHAKRADHARPUR,Town
CHALAKUDY,Town
CHAMPARAN,District
CHAMPUA,District
CHANDARPUR,City
CHANDI,Town
CHANDIGARH UT (2 DIST.S,District
CHAPAGURI,Town
CHARU,Village
CHATTARPUR,Town
CHAVADI,Town
CHEKHALA,Town
CHELLANAM,Village
CHENDIPADA,Village
CHENGALPATTU,Town
CHERAI,Town
CHERUVATHUR,Town
CHHATTISGARH (8 DIST.S,District
CHICALIM VASCO,Town
CHICKMAGALURU,Town
CHIMBEL,Town
CHIPLUN,Town
CHITRA,Town
CHUTIA,City
COOCH BEHAR,District
DANDDO,Town
DANGRI,Village
DELHI (12 DIST.S,District
DELHI (16 DIST.S,District
DEOGHAR,City
DEOLI,District
DEVAKOTTAI,District
DEVGHAR,Village
DHABOTA,Town
DHANERA,Town
DHANETI,Village
DHARAMAPURI,Town
DHAULANA,District
DHOD,Town
DHOKSAL,Village
DICHPALLY,District
DIMA HASAO,District
DIRANG,Town
DIU UT (2 DIST.S,District
DOBRA,City
DOLAPURA,Town
DOLLUNGMUKH,District
DOORIA,Town
DUGALI,Village
DUMRI,District
DUNDI,City
DUNGAR,Town
DUNGRI,Town
E-MARRIPALEM,Town
EAST GODAVARI RURAL,Town
EAST JAINTIA HILLS,District
EAST KUTCH,Village
ELAMKUNNAPUZHA,Village
ELLAPURAM,Village
ETTIMADAI,Town
FALTA,District
FATEHABAD,District
FAZILKA,District
G.K.,Town
GANDERBAL,District
GANESHPURI,Village
GARGAON,Village
GAUHATI,City
GHANAULI,Village
GINGURTI,Town
GOA (2 DIST.S,District
GOLAGHAT,City
GOMIA,Town
GORELA,Village
GOTA,Town
GREATER KAILASH - II,Town
GUJARAT (19 DIST.S,District
GUJARAT (6 DIST.S,District
GULLARWALA,Town
HAFLONG,District
HAJIPUR,City
HALQUA PATHARI,Town
HANUMANGARH,District
HANUMANTHAI,Village
HARYANA (20 DIST.S,District
HARYANA (3 DIST.S,District
HAWRAH,Town
HEBBAGUDI,Town
HENSAL,Town
HIMACHAL PRADESH (8 DIST.S,District
HOOTAGALLI,Town
HOSANGABAD,City
HOSKOTE,Town
HVERI,Town
IMPHAL WEST,District
ITI KADI,Town
JADAVPUR,Town
JADAYAM PALAYAM,Town
JADCHERLA MANDAL,District
JAGATPURA,City
JAGESHWAR,Village
JAMNAMARATHUR,Town
JAORA,Town
JATNI,Village
JHAGADIA,Village
JHARKHAND (16 DIST.S,District
JHATTA,Village
JHURKI,City
JIGANI,City
JINNARAM MANDALS,Town
JOGULAMBA GADWAL,District
JUGSALAI,District
K.G.CHAVADI,Town
KABENNUR,Town
KADAIYA,Village
KADIYAM,Town
KAHARANI,Town
KAKKANAD,Town
KALABURAGI,District
KALAPET,Village
KALCHINI,District
KALIAPANI,District
KALMET THANDA,Village
KAMARAJAPURAM,Town
KAMLESHWAR,Village
KANDAGHAT,District
KANJIRAPPILLY,Town
KANMAU,Town
KANNADA,District
KANNADI,Village
KANNAUJ,District
KARAIKUDI,City
KARIMGANJ,District
KARKALA,Town
KARNATAKA (15 DIST.S,District
KARNATAKA (2 DIST.S,District
KARUVELAPPADI,Town
KASHINAGAR,Town
KASHMIR (12 DIST.S,District
KASIPALAYAM,Village
KATAI,City
KATHERU,Village
KATRA,District
KAVARAPATTU,Village
KECHLA,Town
KENDRAPADA,Village
KENDRAPARA,District
KERALA (1 DIST.,District
KERALA (4 DIST.S,District
KHANDAPADA,District
KHANDAWA,Town
KHANVA,Town
KHARADI,Town
KHARCHI,Village
KHEDOI,Village
KHERANI,Town
KHORAJ,Village
KHUDUPUR,Town
KHUMBHALGARH,Town
KIDI,Village
KISHENPUR,Town
KODAGU,District
KODAIKANAL,Town
KODEYERI,Town
KOLABIRA,District
KONDHALI,Town
KOPARGAON,District
KORADGAON,Village
KOTABOMMALI,Town
KOTDWAR,City
KOTHAMUNCHUR,Town
KOVVUR,District
KRISHNAPURAM,Village
KUDGI,Town
KUMARGHAT,District
KUMBHARIYA,Village
KUNDA,District
KUPWARA,District
KURLA,City
L,Town
LAHORI,City
LAKHIGAM,Town
LORMI,Town
LUVARA,Town
MAAN,Village
MADANSURI,Town
MADHYA PRADESH (23 DIST.S,District
MAHANKALIGUDEM,Village
MAHARAJGANJ,District
MAHARASHTRA (27 DIST.S,District
MAHARASHTRA (6 DIST.S,District
MAHASANSTHANAM,Town
MAHUKALA,Town
MALAD,Town
MAMALLAPURAM,Town
MAMUARA,Village
MANDAVGAN,Village
MANERI,City
MANIKDAUNDI,Village
MANINAGAR,Town
MANIPUR (2 DIST.S,District
MARCEL,Town
MARIANI,District
MARWAHI,Village
MATTATHUR,Town
MEGHALAYA (6 DIST.S,District
MELAIYUR,Village
MENAKURU,Village
METTUPALAYAM,Town
MIYAPUR MANDAL,Town
MIZORAM (1 DIST.,District
MODASA,Town
MOGALIPURAM,Village
MON,District
MUDIPU,Village
MULUND,Town
MUNDI,City
MUNNALURU,Village
MUNNURPET,Town
MUTHI,Village
MYLAPORE,Town
NAGARDHAN,Village
NAGDA,City
NAGERCOIL,City
NAIDUPETA MANDAL,Village
NAOGAON,Village
NARANGPUR,Village
NAROTTAM NAGAR,Town
NARSAPUR MANDAL,Village
NARSAPUR SNEHABANDU,Town
NAUGAMA,Town
NAZIKPANGARI,Town
NEDUNKULAM,Village
NEGERCOIL,Town
NEWAI,Village
NIHALPUR,Town
NIKETAN,Town
NIPANIYA,City
NORTH INDORE,Town
ODISHA (12 DIST.S,District
OGNAJ,Village
OLD GOA,Town
ORAGADAM,Village
ORAI,District
ORTHANADU,Town
PADALI,City
PADDHAR,Town
PAKUR,District
PALAMANER,District
PALAMPUR,City
PAMPORE,Town
PANDARIYA,City
PANJHERA,Town
PARAMARTH,Town
PARGANAS,District
PARWANOO,Town
PASHAN,Town
PAUD,Town
PAUDI,District
PEDAPALLI,Town
PEDDAKANDUKUR,Town
PERUMBALAM,Town
PHALTAN,District
PHILLAUR,Town
PILERNE,Town
PILLAICHAVADI,Town
PILLIKARAR,Town
PITAMPURA,Town
POLLACHI,Town
PONNAPUR,Village
PORUR,Town
PREGNAPUR,Town
PUDUCHERRY UT (3 DIST.S,District
PUJALI,City
PUNJAB (3 DIST.S,District
QUTHBULLAPUR,Village
RADHANPUR,Town
RAIGHAR,District
RAILMAGRA,District
RAJANNA SIRCILLA,District
RAJAPALAYAM,District
RAJAPURAM,Village
RAJASTHAN (12 DIST.S,District
RAJASTHAN (8 DIST.S,District
RAJMUNDRY,Town
RAJOURI,Town
RAMESHWARAM,Town
RAMSHEHER,Town
RANAGHAT,City
RANJIT NAGAR,Village
RANOLI,Town
RATHNAGIRI,Town
RAVIPAHAD,Village
RINGNABODI,Town
ROHTAS,District
ROJHANI,City
ROJMAL,Town
SADLA,City
SADULLAPUR,Town
SAIHA,District
SALAPAVANIPALEM,Town
SALEPUR,District
SALIGAO CIRCLE,Town
SANASWADI,Village
SANDHOLI,Town
SANKARI,Village
SANKHESHWAR,Town
SARANGPUR,Town
SARDARPURA,City
SARIKELA,Town
SASHTITALA,Town
SAVLI,Village
SEOHAR,Town
SHAHADOL,Town
SHAKARPUR,Town
SHEIKHPURA,District
SHIKAR,Town
SHINGAVE,Village
SHIRALI,Town
SHIRWAL,Village
SHOPIAN,Town
SIANG,District
SIDDIPET,District
SIDIHOSKOTE,Town
SIKKIM (2 DIST.S,District
SILCHAR,Town
SINDHROT,Town
SOMAVAL,Town
SOUTH ANDAMAN,District
SOUTH INDORE,Town
SRIKONA,Village
SRINGERI,Town
SRIRANGAM,Town
SSIRODA,Town
SULAWAD,Town
SUNYAPAHAD,Town
SURAMPALEM,Village
TAKDAH,Town
TALOJA M.I.D.C.,Town
TALPURA,City
TAMIL NADU ( 7 DIST.S,District
TAMIL NADU (9 DIST.S,District
TAPAR,City
TELANGANA (3 DIST.S,District
TELANGANA (4 DIST.S,District
TELANGANA (KHAMMAM,Town
TEZU,Town
THAKIPATHAR,Town
THEKKADY,Village
THIRUVENDHIPURAM,Village
THOUBAL,Town
TILONIA,Village
TIRAP,District
TONDIYARPET,Town
TOWNSHIP,Town
TRIPURA (1 DIST.,District
TRISSUR,Town
TUIVAMIT,Town
TUNGI,Town
TUNTURI,Town
TURBHE,Town
UKHRUL,Town
ULAVI,Village
ULUNDURPET,Town
UMARIA,District
UPPILIPALAYAM,Town
URI,District
URSE,Village
UTTAR DINAJPUR,District
UTTAR PRADESH (2 DIST.S,District
UTTAR PRADESH (24 DIST.S,District
UTTARAKHAND (1 DIST.,District
VADAPALLI,Village
VADWARA,Town
VAGRA,Village
VAIJNATH,Village
VAKHATPURA,Town
VALAGARAHALLI,Village
VALLAM,Town
VALLORE,Town
VALMIKIPURAM MANDAL,Village
VALPOI,Town
VANAPARTHI MANDAL,Town
VANYAVEER,Town
VARDHMAN,Town
VASANT KUNJ,Town
VASANTNAGAR,City
VASHERE,Village
VATRAK,Town
VEERAVARAM,Village
VEMAGIRI,Village
VEMBAKKAM,District
VIJAYPURA,City
VIKASSHEEL,Town
VILAVOORKAL,Town
VILLAGE ADARGUNCHI,Village
VILLAGE BHADRA,Village
VILLAGE BORPATLA,Village
VILLAGE CHINTALAPUDI,Village
VILLAGE GADDAPOTHARAM,Village
VILLAGE KOTHAPALLI,Village
VILLAGE KOWKUNTLA,Village
VILLAGE KUMMARAPALLI,Village
VILLAGE MENTADA,Village
VILLAGE MENTAPALLI,Village
VILLAGE PASHAMYLARAM,Village
VIRAJPET,Town
VIRAMGAM,Town
VISAKHAPATNAM STEEL PLANT,Town
VIZHINJAM,Town
VULLI,Town
WARANGAL URBAN DIST.,District
WEST BENGAL (8 DIST.S,District
YADAGIRIGUTTA MANDAL,District
YEDULA,Village
