Location,Class
ALL STATES,State
ANDAMAN & NICOBAR ISLANDS,State
ANDHRA PRADESH,State
ARUNACHAL PRADESH,State
ASSAM,State
BIHAR,State
CHANDIGARH,State
CHHATTISGARH,State
DADRA & NAGAR HAVELI AND DAMAN & DIU,State
DELHI,State
GOA,State
GUJARAT,State
HARYANA,State
HIMACHAL PRADESH,State
JAMMU & KASHMIR,State
JHARKHAND,State
KARNATAKA,State
KERALA,State
KHERWADI,State
LADAKH,State
LAKSHADWEEP,State
MADHYA PRADESH,State
MAHARASHTRA,State
MANIPUR,State
MEGHALAYA,State
MIZORAM,State
MUMBAI),State
NAGALAND,State
NEPAL,State
ODISHA,State
PUDUCHERRY,State
PUNJAB,State
RAJASTHAN,State
SIKKIM,State
TAMIL NADU,State
TELANGANA,State
TRIPURA,State
UTTAR PRADESH,State
UTTARAKHAND,State
WEST BENGAL,State
24 PARGANAS,Unclassified
AAGAR,Unclassified
AALO,Unclassified
AATHANOOR,Unclassified
ABDIMANDI,Unclassified
ABHAYPUR,Unclassified
ABHOYPUR,Unclassified
ABU ROAD,Unclassified
ADILABAD,Unclassified
ADIPUR,Unclassified
ADITYAPUR,Unclassified
ADJAAL,Unclassified
AGAR MALWA,Unclassified
AGASWADI,Unclassified
AGRA,Unclassified
AHMEDABAD,Unclassified
AHMEDGARH,Unclassified
AHMEDNAGAR,Unclassified
AIROLI,Unclassified
AIZAWL,Unclassified
AJEETPUR,Unclassified
AJMER,Unclassified
AJNI,Unclassified
AKOLA,Unclassified
ALAPPUZHA,Unclassified
ALIBAUG,Unclassified
ALIGARH,Unclassified
ALINJIVAKKAM,Unclassified
ALIPUR,Unclassified
ALIPURDUAR,Unclassified
ALIRAJPUR,Unclassified
ALLAHABAD,Unclassified
ALLEPPEY,Unclassified
ALMORA,Unclassified
ALOK,Unclassified
ALWAR,Unclassified
AMARWARA,Unclassified
AMBALA,Unclassified
AMBATTUR,Unclassified
AMBEDKAR NAGAR,Unclassified
AMBERNATH,Unclassified
AMDANDA,Unclassified
AMEERPET,Unclassified
AMELIA,Unclassified
AMER,Unclassified
AMETHI,Unclassified
AMINGAON,Unclassified
AMINGAON IN KAMRUP DIST.,Unclassified
AMLAI,Unclassified
AMMASANDRA,Unclassified
AMRAVATI,Unclassified
AMRELI,Unclassified
AMRITSAR,Unclassified
AMROHA,Unclassified
AMTALA,Unclassified
ANAGAPUTHUR,Unclassified
ANAIKATTI,Unclassified
ANAIKOIL,Unclassified
ANAND,Unclassified
ANANDDHAM,Unclassified
ANANTHAPURAMU,Unclassified
ANDHERI,Unclassified
ANDHERI EAST MUMBAI,Unclassified
ANDUL,Unclassified
ANEGAON,Unclassified
ANEKAL,Unclassified
ANGRA,Unclassified
ANGUL,Unclassified
ANJAR,Unclassified
ANKALAS,Unclassified
ANKLESHWAR,Unclassified
ANNAMALAI,Unclassified
ANNOPSHAHR,Unclassified
ANTERVEDIPALEM EAST GODAVARI,Unclassified
ANUPPUR,Unclassified
ARADHANADHAM,Unclassified
ARAKU,Unclassified
ARARIA,Unclassified
ARI DONGARI MINES,Unclassified
ARIYALUR,Unclassified
ARNAVOYAL,Unclassified
ARVALLI,Unclassified
ARWAL,Unclassified
ASANSOL,Unclassified
ASHOK NAGAR,Unclassified
ASHRAM,Unclassified
ASHTA,Unclassified
ASHTI,Unclassified
ASRONDI,Unclassified
ATHOLA,Unclassified
ATMURDI,Unclassified
AURAIYA,Unclassified
AURANGABAD,Unclassified
AYA NAGAR,Unclassified
AZAD NAGAR,Unclassified
AZAMGARH,Unclassified
B.CHARIALI,Unclassified
BADARPUR,Unclassified
BADDI,Unclassified
BADHOI,Unclassified
BADLAPUR,Unclassified
BADNAGAR,Unclassified
BADWANI,Unclassified
BAGANPARA,Unclassified
BAGHPAT,Unclassified
BAGODAR,Unclassified
BAGPAT,Unclassified
BAGUNPOTA,Unclassified
BAHADURGARH,Unclassified
BAIKAMPADY,Unclassified
BAJPUR,Unclassified
BAKSA,Unclassified
BALAGHAT,Unclassified
BALANGIR,Unclassified
BALARAMPUR,Unclassified
BALASORE,Unclassified
BALESWAR,Unclassified
BALIJAN,Unclassified
BALOD,Unclassified
BALODA BAZAR,Unclassified
BALRAMPUR,Unclassified
BANARAS,Unclassified
BANASKANTHA,Unclassified
BANASTHALI,Unclassified
BANASWARA,Unclassified
BANDIPORA,Unclassified
BANDIPUR,Unclassified
BANDRA,Unclassified
BANDRA (EAST,Unclassified
BANJARA HILLS,Unclassified
BANKA,Unclassified
BANKURA,Unclassified
BANMORE,Unclassified
BANSWARA,Unclassified
BANTUPALLI,Unclassified
BARA,Unclassified
BARABANKI,Unclassified
BARAMATI,Unclassified
BARAMULLA,Unclassified
BARASAT,Unclassified
BARBANKI,Unclassified
BARBIL,Unclassified
BARDEZ,Unclassified
BARDHAMAN,Unclassified
BARDOLI,Unclassified
BAREILLY,Unclassified
BARGARH,Unclassified
BARMANA,Unclassified
BARMER,Unclassified
BARNALA,Unclassified
BARODA,Unclassified
BARPETA,Unclassified
BARRACKPORE,Unclassified
BARWANI,Unclassified
BASAHI,Unclassified
BASSI,Unclassified
BASTAR,Unclassified
BASTI,Unclassified
BATHINDA,Unclassified
BAVLA,Unclassified
BAWAL,Unclassified
BAZPUR,Unclassified
BEAWAR,Unclassified
BEAWAR RAS,Unclassified
BECHARAJI,Unclassified
BEED,Unclassified
BEGUR,Unclassified
BEGUSARAI,Unclassified
BELAGAVI,Unclassified
BELLARY,Unclassified
BELUR,Unclassified
BELUR MATH,Unclassified
BELWA,Unclassified
BEMETARA,Unclassified
BENGALURU,Unclassified
BETUL,Unclassified
BHADOHI,Unclassified
BHADRAK,Unclassified
BHADRESWAR,Unclassified
BHAGALPUR,Unclassified
BHAGWANPUR,Unclassified
BHANDARA,Unclassified
BHANDUP,Unclassified
BHARAT NAGAR,Unclassified
BHARATPUR,Unclassified
BHARUCH,Unclassified
BHATAPARA,Unclassified
BHATIA,Unclassified
BHAVNAGAR,Unclassified
BHAWANI MANDI,Unclassified
BHAYANDAR,Unclassified
BHESTAN,Unclassified
BHIKAJI CAMA PLACE,Unclassified
BHILAI,Unclassified
BHILWARA,Unclassified
BHIMASAR,Unclassified
BHIMTAL,Unclassified
BHIND,Unclassified
BHIWADI,Unclassified
BHIWANDI,Unclassified
BHIWANI,Unclassified
BHOJPUR,Unclassified
BHONGIR,Unclassified
BHOOTHPUR,Unclassified
BHOPAL,Unclassified
BHUBANESWAR,Unclassified
BHUJ,Unclassified
BIDADI,Unclassified
BIDAR,Unclassified
BIJAPUR,Unclassified
BIJNOR,Unclassified
BIKANER,Unclassified
BILASPUR,Unclassified
BILSARAYAN,Unclassified
BINA,Unclassified
BINDRA NAVAGARH,Unclassified
BINWADA,Unclassified
BIRBHUM,Unclassified
BIRGAON,Unclassified
BISHNUPUR,Unclassified
BOISAR,Unclassified
BOKARO,Unclassified
BOLANGIR,Unclassified
BOLPUR,Unclassified
BONGAIGAON,Unclassified
BONGAIGOAN,Unclassified
BONHOOGHLY,Unclassified
BORIA,Unclassified
BRAMHANWADI,Unclassified
BUDASAN,Unclassified
BUDAUN,Unclassified
BUDGE BUDGE,Unclassified
BUDHNI,Unclassified
BULANDSHAHR,Unclassified
BULDHANA,Unclassified
BUNDU,Unclassified
BURDWAN,Unclassified
BURMU,Unclassified
BUTIBORI,Unclassified
BUXAR,Unclassified
CACHAR,Unclassified
CALICUT,Unclassified
CHADEL,Unclassified
CHAIBASA,Unclassified
CHAKAN,Unclassified
CHAMARAJANAGAR,Unclassified
CHAMBA,Unclassified
CHAMOLI,Unclassified
CHAMPA,Unclassified
CHAMPAI,Unclassified
CHAMPAWAT,Unclassified
CHAMPDANI,Unclassified
CHANDAULI,Unclassified
CHANDEL,Unclassified
CHANDERIA,Unclassified
CHANDEY,Unclassified
CHANDIMANDIR,Unclassified
CHANDRAPUR,Unclassified
CHANGLANG,Unclassified
CHATRA,Unclassified
CHEMBUR,Unclassified
CHENNAI,Unclassified
CHERTHALA,Unclassified
CHHAPRA,Unclassified
CHHARODI,Unclassified
CHHATARPUR,Unclassified
CHHINDWARA,Unclassified
CHHOTA UDAIPUR,Unclassified
CHICHPALLI,Unclassified
CHIDAMBARAM,Unclassified
CHIKKABALLAPUR,Unclassified
CHIKKAMAGALURU,Unclassified
CHIKLA,Unclassified
CHIKMAGALUR,Unclassified
CHINCHOLI,Unclassified
CHINCHWAD,Unclassified
CHINTAMANI,Unclassified
CHIRAKOOT,Unclassified
CHIRALA,Unclassified
CHIRANG,Unclassified
CHIRAWA,Unclassified
CHITOOR,Unclassified
CHITRADURGA,Unclassified
CHITRAKOOT,Unclassified
CHITTOOR,Unclassified
CHITTORGARH,Unclassified
CHOPANKI,Unclassified
CHORYASHI,Unclassified
CHUBWA,Unclassified
CHUNAR,Unclassified
CHURACHANDPUR,Unclassified
CHURU,Unclassified
COCHIN,Unclassified
COIMBATORE,Unclassified
CONNAUGHT PLACE,Unclassified
COORG,Unclassified
COWL BAZAAR,Unclassified
CUDAPPAH,Unclassified
CUDDALORE,Unclassified
CUMBUM,Unclassified
CUTTACK,Unclassified
DABURJEE,Unclassified
DADAR,Unclassified
DADHEDA,Unclassified
DADRA,Unclassified
DADRI,Unclassified
DAFAIPARA,Unclassified
DAHANU,Unclassified
DAHEJ,Unclassified
DAHOD,Unclassified
DAKSHINA KANNADA,Unclassified
DALHOUSIE,Unclassified
DALTANGANJ,Unclassified
DAMAN,Unclassified
DAMOH,Unclassified
DANG,Unclassified
DANGS,Unclassified
DANKAUR,Unclassified
DANTEWADA,Unclassified
DARBHANGA,Unclassified
DARJEELING,Unclassified
DARLAGHAT,Unclassified
DARRANG,Unclassified
DAUSA,Unclassified
DAVANAGERE,Unclassified
DEDIAPADA,Unclassified
DEHRADUN,Unclassified
DEHRAND,Unclassified
DELANGA,Unclassified
DELHI /NCR,Unclassified
DEMNI,Unclassified
DENKANIKOTTAI,Unclassified
DEOGARH,Unclassified
DEORIA,Unclassified
DERABASSI,Unclassified
DESAI FALIYA,Unclassified
DEULI,Unclassified
DEVANAHALLI,Unclassified
DEVAPUR DIST.,Unclassified
DEVBHUMI DWARKA,Unclassified
DEVGAD BARIA,Unclassified
DEWAS,Unclassified
DHAMANPET,Unclassified
DHAMARI,Unclassified
DHAMDHERE,Unclassified
DHAMRA,Unclassified
DHAMTARI,Unclassified
DHANBAD,Unclassified
DHANKHET,Unclassified
DHAR,Unclassified
DHARAMPUR,Unclassified
DHARAMPURI,Unclassified
DHARAVI,Unclassified
DHARMAPURI,Unclassified
DHARSIWA,Unclassified
DHARUHERA,Unclassified
DHARWAD,Unclassified
DHASIWAN,Unclassified
DHAULA KUAN,Unclassified
DHELA,Unclassified
DHEMAJI,Unclassified
DHENKANAL,Unclassified
DHRANGADHRA,Unclassified
DHUBRI,Unclassified
DHULE,Unclassified
DIAMOND HARBOUR ROAD,Unclassified
DIBANG VALLEY,Unclassified
DIBRUGARH,Unclassified
DIMAPUR,Unclassified
DINDIGUL,Unclassified
DINDORI,Unclassified
DIPKA,Unclassified
DOBBASPET,Unclassified
DODDABALLAPUR,Unclassified
DOLVI,Unclassified
DOMBIVALI,Unclassified
DOMBIVLI,Unclassified
DONGARBORE,Unclassified
DONGARGAON,Unclassified
DOONDLODH,Unclassified
DORBA,Unclassified
DRONAGIRI NODE,Unclassified
DUDHWADA,Unclassified
DULKI,Unclassified
DUMKA,Unclassified
DUNDIGAL,Unclassified
DUNGARPUR,Unclassified
DUNSANDLE,Unclassified
DURG,Unclassified
DURGAPUR,Unclassified
DWARKA,Unclassified
EAST,Unclassified
EAST DELHI,Unclassified
EAST GODAVARI,Unclassified
EAST MIDNAPORE,Unclassified
EAST SIANG,Unclassified
EAST SIKKIM,Unclassified
EAST SINGHBHUM,Unclassified
EAST SINGHBUM,Unclassified
EKANGAR SARAI,Unclassified
EKLARI,Unclassified
ENNORE,Unclassified
ERANHIPALAM,Unclassified
ERNAKULAM,Unclassified
ERODE,Unclassified
ETAH,Unclassified
ETAWAH,Unclassified
FAIZABAD,Unclassified
FAKRABAD,Unclassified
FARAKKA,Unclassified
FARIDABAD,Unclassified
FARRUKHABAD,Unclassified
FATEHGARH SAHIB,Unclassified
FATEHPUR,Unclassified
FEROZEPUR,Unclassified
G.B.NAGAR,Unclassified
GACHIBOWLI,Unclassified
GADAG,Unclassified
GADCHIROLI,Unclassified
GADEGAON,Unclassified
GADHSHISA,Unclassified
GADKARI KHAN,Unclassified
GADKHOL,Unclassified
GAILPUR,Unclassified
GAJAPATI,Unclassified
GAJRAULA,Unclassified
GAJWEL,Unclassified
GANDHIDHAM,Unclassified
GANDHIGRAM,Unclassified
GANDHINAGAR,Unclassified
GANGAKHED,Unclassified
GANGANAGAR,Unclassified
GANGARAMPUR,Unclassified
GANGTOK,Unclassified
GANJAM,Unclassified
GANPAT VIDYANAGAR,Unclassified
GARDEN REACH,Unclassified
GARHWA,Unclassified
GARIABAND,Unclassified
GAUTAM PURI,Unclassified
GAUTAMBUDDHA NAGAR,Unclassified
GAUTAMBUDHHA NAGAR,Unclassified
GAYA,Unclassified
GHAZIABAD,Unclassified
GHAZIPUR,Unclassified
GHORAKHAL,Unclassified
GIDDARBAHA,Unclassified
GIDE,Unclassified
GIDHALI,Unclassified
GIR SOMNATH,Unclassified
GIRIDIH,Unclassified
GIRNAAR JI,Unclassified
GODDA,Unclassified
GODHRA,Unclassified
GOLMURI,Unclassified
GONDA,Unclassified
GONDIA,Unclassified
GOPALGANJ,Unclassified
GOPALPUR,Unclassified
GORAKHPUR,Unclassified
GOVANDI,Unclassified
GRAM,Unclassified
GREATER KAILASH - I,Unclassified
GREATER NOIDA,Unclassified
GUDALUR VALLEY,Unclassified
GUDUR,Unclassified
GUDUVANCHERRY,Unclassified
GULBARGA,Unclassified
GULMOHAR PARK,Unclassified
GUMLA,Unclassified
GUMMADIPUNDI,Unclassified
GUNA,Unclassified
GUNTUR,Unclassified
GURDASPUR,Unclassified
GURUGRAM,Unclassified
GUWAHATI,Unclassified
GWALIOR,Unclassified
HABRA,Unclassified
HAILAKANDI,Unclassified
HALDA,Unclassified
HALDIA,Unclassified
HALIYAL,Unclassified
HALOL,Unclassified
HAMIRPUR,Unclassified
HANUMAN JUNCTION,Unclassified
HAPUR,Unclassified
HARDA,Unclassified
HARDOI,Unclassified
HARIA,Unclassified
HARIDWAR,Unclassified
HARIPAL,Unclassified
HASANPUR,Unclassified
HASSAN,Unclassified
HATA,Unclassified
HATHRAS,Unclassified
HAVERI,Unclassified
HAZARIBAG,Unclassified
HAZIRA,Unclassified
HEBBAGODI,Unclassified
HENKANAL,Unclassified
HIMMATNAGAR,Unclassified
HINGANA,Unclassified
HINGOLI,Unclassified
HINJEWADI,Unclassified
HISAR,Unclassified
HOBLI,Unclassified
HOOGHLY,Unclassified
HOSAD,Unclassified
HOSHANGABAD,Unclassified
HOSHIARPUR,Unclassified
HOSPET,Unclassified
HOSUR,Unclassified
HOWRAH,Unclassified
HUBLI,Unclassified
HUGLI,Unclassified
HUSKUR,Unclassified
HYDERABAD,Unclassified
IDUKKI,Unclassified
IGATPURI,Unclassified
IGT,Unclassified
IIT ROORKEE,Unclassified
IMPHAL,Unclassified
INDORE,Unclassified
ISHWAR NAGAR,Unclassified
ITANAGAR,Unclassified
JABALPUR,Unclassified
JACKKE,Unclassified
JAGANNATHAPURAM,Unclassified
JAGATHSINGHPUR,Unclassified
JAGATHY,Unclassified
JAGATSINGHPUR,Unclassified
JAGDALPUR,Unclassified
JAGDISHPUR,Unclassified
JAHANABAD,Unclassified
JAINPUR,Unclassified
JAIPUR,Unclassified
JAIRAMPUR,Unclassified
JAISALMER,Unclassified
JAJPUR,Unclassified
JALANDHAR,Unclassified
JALAUN,Unclassified
JALGAON,Unclassified
JALNA,Unclassified
JALORE,Unclassified
JALPAIGURI,Unclassified
JAMBHUL,Unclassified
JAMBUSAR,Unclassified
JAMMU,Unclassified
JAMNAGAR,Unclassified
JAMO,Unclassified
JAMSHEDPUR,Unclassified
JAMUGAM,Unclassified
JANJGIR,Unclassified
JANJGIR-CHAMPA,Unclassified
JANKI KUND,Unclassified
JASDAN,Unclassified
JASHPUR,Unclassified
JASIDIH,Unclassified
JASWANTGARH,Unclassified
JAUNPUR,Unclassified
JAVADHU HILLS,Unclassified
JAWAHAR NAGAR,Unclassified
JAWHAR,Unclassified
JAYKAYPURAM,Unclassified
JEHANABAD,Unclassified
JERALDABARU,Unclassified
JEYPORE,Unclassified
JHABUA,Unclassified
JHAJJAR,Unclassified
JHALAWAR,Unclassified
JHANDEWALAN,Unclassified
JHANSI,Unclassified
JHARLI,Unclassified
JHARSUGUDA,Unclassified
JHUNJHUNU,Unclassified
JHUNJHUNU DIST.,Unclassified
JIND,Unclassified
JIRIBAM,Unclassified
JOBNER,Unclassified
JODA,Unclassified
JODHPUR,Unclassified
JOJOBERA,Unclassified
JORHAT,Unclassified
JUHU VILEPARLE,Unclassified
JUNAGADH,Unclassified
KABIR NAGAR,Unclassified
KABIRDHAM,Unclassified
KACHCHH,Unclassified
KACHHE,Unclassified
KACHIGAM,Unclassified
KADAPA,Unclassified
KADAPAKKAM,Unclassified
KADI,Unclassified
KADIPANI,Unclassified
KAGAL,Unclassified
KAIMUR,Unclassified
KAITHAL,Unclassified
KAIZALEY,Unclassified
KAKINADA,Unclassified
KALA AMB,Unclassified
KALAHANDI,Unclassified
KALAMASSERY,Unclassified
KALKAJI,Unclassified
KALMESHWAR,Unclassified
KALOL,Unclassified
KALYAN,Unclassified
KALYANI,Unclassified
KAMARHATI,Unclassified
KAMRUP,Unclassified
KAMRUP METROPOLITAN,Unclassified
KAMRUP RURAL,Unclassified
KANAKAPURA,Unclassified
KANCHAL FALIYA,Unclassified
KANCHEEPURAM,Unclassified
KANDA,Unclassified
KANDHAMAL,Unclassified
KANGRA,Unclassified
KANKE,Unclassified
KANKER,Unclassified
KANKROLI,Unclassified
KANNAGI NAGAR,Unclassified
KANNUR,Unclassified
KANOD,Unclassified
KANPUR,Unclassified
KANPUR DEHAT,Unclassified
KANSBAHAL,Unclassified
KANYAKUMARI,Unclassified
KAPURTHALA,Unclassified
KARAIKAL,Unclassified
KARAMSAD,Unclassified
KARAULI,Unclassified
KARCHAM,Unclassified
KARELI,Unclassified
KARGIL,Unclassified
KARIMNAGAR,Unclassified
KARJAN,Unclassified
KARJAT,Unclassified
KARKARDOOMA,Unclassified
KARNAL,Unclassified
KAROL BAGH,Unclassified
KARSANG,Unclassified
KARUR,Unclassified
KARWAR,Unclassified
KASARGOD,Unclassified
KASGANJ,Unclassified
KASHIPUR,Unclassified
KASHMIR,Unclassified
KASRAWAD,Unclassified
KATHA,Unclassified
KATHUA,Unclassified
KATIHAR,Unclassified
KATNI,Unclassified
KATOL,Unclassified
KATPADI,Unclassified
KAWAI,Unclassified
KAWARDHA,Unclassified
KELCHA MAL,Unclassified
KENDRAPUR,Unclassified
KENDUJHAR,Unclassified
KENGERI,Unclassified
KEOJHAR,Unclassified
KEONJHAR,Unclassified
KHADI MACHINE,Unclassified
KHAGARIA,Unclassified
KHAIRATABAD,Unclassified
KHAJURAHO,Unclassified
KHAMMAM,Unclassified
KHANDKE,Unclassified
KHANDWA,Unclassified
KHANNA,Unclassified
KHARGHAR,Unclassified
KHARGONE,Unclassified
KHARIGRAM,Unclassified
KHATIMA,Unclassified
KHATUWAS,Unclassified
KHEDA,Unclassified
KHERWA,Unclassified
KHIJRABAD,Unclassified
KHODIYAR,Unclassified
KHOLA,Unclassified
KHOPOLI,Unclassified
KHORDA,Unclassified
KHORDHA,Unclassified
KHUNTI,Unclassified
KHURDA,Unclassified
KHUSHKHERA,Unclassified
KHWABGAH,Unclassified
KINNAUR,Unclassified
KIRTI NAGAR,Unclassified
KISHANGANJ,Unclassified
KISHTWAR,Unclassified
KOCHI,Unclassified
KODAKARA,Unclassified
KODERMA,Unclassified
KODINAR,Unclassified
KOHIMA,Unclassified
KOHLAPUR,Unclassified
KOKRAJHAR,Unclassified
KOLAR,Unclassified
KOLASIB,Unclassified
KOLHAPUR,Unclassified
KOLKATA,Unclassified
KOLKHE,Unclassified
KOLLAM,Unclassified
KOLLAPUR,Unclassified
KONA,Unclassified
KONDAPALLI,Unclassified
KONDHWA,Unclassified
KONKAN,Unclassified
KOPPAL,Unclassified
KORAMANGALA,Unclassified
KORAPUT,Unclassified
KORBA,Unclassified
KORIYA,Unclassified
KORPANA,Unclassified
KOSI KALAN,Unclassified
KOSMI,Unclassified
KOTA,Unclassified
KOTESHWAR,Unclassified
KOTHLAPUR,Unclassified
KOTPUTLI,Unclassified
KOTTAYAM,Unclassified
KOVALAM,Unclassified
KOVILAMBAKKAM,Unclassified
KOYILANDY,Unclassified
KOZHIKODE,Unclassified
KR PURAM,Unclassified
KRISHNA,Unclassified
KRISHNAGIRI,Unclassified
KUILISUTA,Unclassified
KULLU,Unclassified
KUMAON,Unclassified
KUMBAKONAM,Unclassified
KUMREK,Unclassified
KUMTA TEHSIL OF UTTARA KANNADA,Unclassified
KUNDAL,Unclassified
KUNDLI,Unclassified
KURKUMBH,Unclassified
KURNOOL,Unclassified
KURUKSHETRA,Unclassified
KURUNG KUMEY,Unclassified
KUSHINAGAR,Unclassified
KUTCH,Unclassified
KUTHAMBAKKAM,Unclassified
KUTHREL,Unclassified
KYMORE,Unclassified
LADNU,Unclassified
LAHAUL,Unclassified
LAKARPUR,Unclassified
LAKHIMPUR,Unclassified
LAKHIMPUR KHERI,Unclassified
LAKHISARAI,Unclassified
LAKHMAPUR,Unclassified
LALITPUR,Unclassified
LALRU,Unclassified
LAMBHUA,Unclassified
LATEHAR,Unclassified
LATUR,Unclassified
LAXMIPURA,Unclassified
LEH,Unclassified
LEPAKSHI,Unclassified
LILUAH,Unclassified
LOHARA,Unclassified
LOHARDAGA,Unclassified
LOHIT,Unclassified
LONAVALA,Unclassified
LONGDING,Unclassified
LONI,Unclassified
LOTE,Unclassified
LOTE MAHAD,Unclassified
LOWER DIBANG VALLEY,Unclassified
LUCKNOW,Unclassified
LUDHIANA,Unclassified
MACHERLA,Unclassified
MACHILIPATNAM,Unclassified
MADHEPURA,Unclassified
MADHOPUR,Unclassified
MADHUBANI,Unclassified
MADHUPUR,Unclassified
MADURAI,Unclassified
MADURANTHAKAM,Unclassified
MAGADI,Unclassified
MAHAD,Unclassified
MAHASAMUND,Unclassified
MAHAVIR INTERNATIONAL DELHI,Unclassified
MAHBUBNAGAR,Unclassified
MAHENDRAGARH,Unclassified
MAHESANA,Unclassified
MAHIPALPUR,Unclassified
MAINPURI,Unclassified
MAJERHAAT,Unclassified
MAJHAULI,Unclassified
MAJULI,Unclassified
MALANPUR,Unclassified
MALAPPURAM,Unclassified
MALDA,Unclassified
MALIHABAD,Unclassified
MALLEPALLY,Unclassified
MALWA,Unclassified
MAMIT,Unclassified
MANALI,Unclassified
MANAMADURAI,Unclassified
MANCHESWAR,Unclassified
MANDHAR,Unclassified
MANDI,Unclassified
MANDIDEEP,Unclassified
MANDLA,Unclassified
MANDONI,Unclassified
MANDSAUR,Unclassified
MANDVI,Unclassified
MANDYA,Unclassified
MANESAR,Unclassified
MANGALURU,Unclassified
MANGAON,Unclassified
MANIKKCHAMB,Unclassified
MANKEPADA,Unclassified
MANSA,Unclassified
MARATHWADA,Unclassified
MARAWAR MUNDWA,Unclassified
MASWAD,Unclassified
MATA NO MADH,Unclassified
MATHURA,Unclassified
MAU,Unclassified
MAVAL,Unclassified
MAYURBHANJ,Unclassified
MEDAK,Unclassified
MEDAVAKKAM,Unclassified
MEERUT,Unclassified
MEHSANA,Unclassified
MELATTUR,Unclassified
MEWAT,Unclassified
MGR NAGAR,Unclassified
MHOW,Unclassified
MIDNAPORE,Unclassified
MIRAJ,Unclassified
MIRZAPUR,Unclassified
MIZAPUR,Unclassified
MOGA,Unclassified
MOHADI,Unclassified
MOHALA,Unclassified
MOHALI,Unclassified
MOHAMMADWADI,Unclassified
MOHITEWADI,Unclassified
MOHOJDEVDE,Unclassified
MOHOL,Unclassified
MOKHADA,Unclassified
MOLARBAND,Unclassified
MORADABAD,Unclassified
MORBI,Unclassified
MORENA,Unclassified
MORIGAON,Unclassified
MORMUGAO,Unclassified
MUDIS,Unclassified
MUJUNGAVU,Unclassified
MUKANE,Unclassified
MUKTARAMBABU,Unclassified
MUKTSAR,Unclassified
MUKTYALA,Unclassified
MUKUNDGARH,Unclassified
MULSHI,Unclassified
MUMBAI,Unclassified
MUNDEGAON,Unclassified
MUNDRA,Unclassified
MUNGELI,Unclassified
MUNGER,Unclassified
MUNINDA,Unclassified
MUNNAR,Unclassified
MUNSAR,Unclassified
MURADABAD,Unclassified
MURBAD,Unclassified
MURSHIDABAD,Unclassified
MUZAFFAR NAGAR,Unclassified
MUZAFFARNAGAR,Unclassified
MUZAFFARPUR,Unclassified
MYSURU,Unclassified
NABRANGPUR,Unclassified
NADIA,Unclassified
NADIAD,Unclassified
NADIKUDI,Unclassified
NAGABABA NAGAR,Unclassified
NAGAON,Unclassified
NAGAPATTINAM,Unclassified
NAGAUR,Unclassified
NAGPUR,Unclassified
NAGPUR DIST.,Unclassified
NAIGAON,Unclassified
NAINI,Unclassified
NAINITAL,Unclassified
NAKA,Unclassified
NALAGARH,Unclassified
NALANCHIRA,Unclassified
NALANDA,Unclassified
NALBARI,Unclassified
NALGONDA,Unclassified
NAMAKKAL,Unclassified
NAMKUM,Unclassified
NANAKAPAYA,Unclassified
NANDAGOKUL,Unclassified
NANDAYAL,Unclassified
NANDED,Unclassified
NANDESARI,Unclassified
NANDIGAMA,Unclassified
NANDIGAON,Unclassified
NANDURBAR,Unclassified
NANGAL,Unclassified
NANGALIA,Unclassified
NANITAL,Unclassified
NANJANGUD,Unclassified
NARAINA,Unclassified
NARAINPUR,Unclassified
NARAJ MARTHAPUR,Unclassified
NARASARAOPET,Unclassified
NARASINGAPURAM,Unclassified
NARAYANPUR,Unclassified
NARMADA,Unclassified
NARODA,Unclassified
NARSINGHPUR,Unclassified
NARSOBAWADI,Unclassified
NASHIK,Unclassified
NASIK,Unclassified
NATHDWARA,Unclassified
NAUBATPUR,Unclassified
NAUPUR,Unclassified
NAVAATAOLA,Unclassified
NAVATIRUPATI,Unclassified
NAVATOLA,Unclassified
NAVI MUMBAI,Unclassified
NAVI NAGRI,Unclassified
NAVRANGPURA,Unclassified
NAVSARI,Unclassified
NAWADA,Unclassified
NAWALGARH,Unclassified
NAYA RAIPUR,Unclassified
NAYAGARH,Unclassified
NEEMRANA,Unclassified
NEEMUCH,Unclassified
NELAMANGALA,Unclassified
NELLIKUPPAM,Unclassified
NELLORE,Unclassified
NENAVA,Unclassified
NERAL,Unclassified
NETRANG,Unclassified
NEW DELHI,Unclassified
NEW MULUND,Unclassified
NEW PANVEL,Unclassified
NIGRIE,Unclassified
NILGIRIS,Unclassified
NIRA,Unclassified
NIZAMABAD,Unclassified
NOIDA,Unclassified
NONADANGA,Unclassified
NOOMBAL,Unclassified
NOORPUR,Unclassified
NORTH,Unclassified
NORTH 24 PARGANAS,Unclassified
NORTH GOA,Unclassified
NORTH GUWAHATI,Unclassified
NORTH KARNATAKA,Unclassified
NUH,Unclassified
OKHA,Unclassified
OKHLA,Unclassified
OKKIYAM,Unclassified
ONGOLE,Unclassified
OSARA,Unclassified
OSMANABAD,Unclassified
OYAN,Unclassified
PAALI,Unclassified
PACHPADRA,Unclassified
PADAVEDU,Unclassified
PADGHE,Unclassified
PAHADI,Unclassified
PAHARPUR,Unclassified
PALAKKAD,Unclassified
PALANPUR,Unclassified
PALGHAR,Unclassified
PALI,Unclassified
PALLI,Unclassified
PALLIKARANAI,Unclassified
PALWAL,Unclassified
PAMBA,Unclassified
PANAJI,Unclassified
PANANDHRO,Unclassified
PANCHKULA,Unclassified
PANCHMAHAL,Unclassified
PANDHRO,Unclassified
PANGODE,Unclassified
PANIPAT,Unclassified
PANJARAPOLE,Unclassified
PANNA,Unclassified
PANOLI,Unclassified
PANTNAGAR,Unclassified
PANVEL,Unclassified
PANWARIA,Unclassified
PAONTA SAHIB,Unclassified
PAPUM PARE,Unclassified
PARADEEP,Unclassified
PARBHANI,Unclassified
PARDI,Unclassified
PARLI,Unclassified
PARNERA,Unclassified
PARREKODO,Unclassified
PASCHIM CHAMPARAN,Unclassified
PASCHIM MEDINIPUR,Unclassified
PATALGANGA,Unclassified
PATAN,Unclassified
PATELAD,Unclassified
PATHAGAR,Unclassified
PATHANAMTHITTA,Unclassified
PATHANAPURAM,Unclassified
PATIALA,Unclassified
PATNA,Unclassified
PATRATU,Unclassified
PATRAU,Unclassified
PATTUKKOTTAI,Unclassified
PAURI GARHWAL,Unclassified
PAVAGADA,Unclassified
PERAMBALUR,Unclassified
PERAMBRA,Unclassified
PERUMBAKKAM,Unclassified
PERUNGUDI,Unclassified
PETH,Unclassified
PETTAMITTA,Unclassified
PEYAD,Unclassified
PHILLOR,Unclassified
PHOOLPUR,Unclassified
PILANI,Unclassified
PILIBHIT,Unclassified
PILKHUWA,Unclassified
PILLAYARKUPPAM,Unclassified
PILUDARA,Unclassified
PITHAMPUR,Unclassified
PITHORAGARH,Unclassified
PODANUR,Unclassified
PONDA,Unclassified
PONNAMPET,Unclassified
PONNERI,Unclassified
POOJAPURA,Unclassified
POOLAM,Unclassified
POONCH,Unclassified
PORBANDAR,Unclassified
PORT BLAIR,Unclassified
POTHEPALLI,Unclassified
PRAJWALA,Unclassified
PRAKASAM,Unclassified
PRATAPGARH,Unclassified
PUDUKKOTTAI,Unclassified
PULICAT,Unclassified
PULWAMA,Unclassified
PUNCHA,Unclassified
PUNE,Unclassified
PURBA MEDINIPUR,Unclassified
PURBI CHAMPARAN,Unclassified
PURI,Unclassified
PURNEA,Unclassified
PURULIA,Unclassified
PUSEWADA,Unclassified
RABRIYAWAS,Unclassified
RADHAPURAM,Unclassified
RAEBARELI,Unclassified
RAGIHALLI,Unclassified
RAICHUR,Unclassified
RAIGAD,Unclassified
RAIGARH,Unclassified
RAIGHAD,Unclassified
RAIPUR,Unclassified
RAISEN,Unclassified
RAJALDESAR,Unclassified
RAJAM,Unclassified
RAJAMUNDRY,Unclassified
RAJAPET MANDAL,Unclassified
RAJARHAT,Unclassified
RAJGARH,Unclassified
RAJGIR,Unclassified
RAJKOT,Unclassified
RAJNANDGAON,Unclassified
RAJPARDI,Unclassified
RAJPURA,Unclassified
RAJSAMAND,Unclassified
RAJULA,Unclassified
RAM NAGAR,Unclassified
RAMANAGARA,Unclassified
RAMANATHAPURAM,Unclassified
RAMBAN,Unclassified
RAMGARH,Unclassified
RAMKOLA,Unclassified
RAMPUR,Unclassified
RAMPUR JATTAN,Unclassified
RAMPURA,Unclassified
RAMTEK,Unclassified
RANCHI,Unclassified
RANGA REDDY,Unclassified
RANGIT,Unclassified
RANGPO,Unclassified
RANIKHET,Unclassified
RANIPET,Unclassified
RANJANGAON,Unclassified
RANTHAMBHORE,Unclassified
RAPCHA,Unclassified
RAS,Unclassified
RATLAM,Unclassified
RATNAGIRI,Unclassified
RAU,Unclassified
RAVVA,Unclassified
RAWATBHATA,Unclassified
RAYAGADA,Unclassified
RC PURAM,Unclassified
REASI,Unclassified
REDIVARIPALLI,Unclassified
REHLA,Unclassified
RENGALI,Unclassified
RENUKOOT,Unclassified
REPALLE,Unclassified
REWA,Unclassified
REWARI,Unclassified
REWASA,Unclassified
RI BHOI,Unclassified
RISHIKESH,Unclassified
RISHRA,Unclassified
ROHA,Unclassified
ROHELA,Unclassified
ROHINI,Unclassified
ROHTAK,Unclassified
ROING,Unclassified
ROOPNAGAR,Unclassified
ROORKEE,Unclassified
ROPAR,Unclassified
ROURKELA,Unclassified
RUDRAPRAYAG,Unclassified
RUDRAPUR,Unclassified
RUPNAGAR,Unclassified
S,Unclassified
SABARIMALA,Unclassified
SABARKANTHA,Unclassified
SADIYA,Unclassified
SADRI,Unclassified
SAGAR,Unclassified
SAGAR TALUQ,Unclassified
SAHARANPUR,Unclassified
SAHARSA,Unclassified
SAHASTRADHARA,Unclassified
SAHIBABAD,Unclassified
SAHIBGANJ,Unclassified
SAHUPURAM,Unclassified
SAKET,Unclassified
SALAIDHABHA,Unclassified
SALAPUR,Unclassified
SALASAR,Unclassified
SALEM,Unclassified
SAMAGHOGHA,Unclassified
SAMALKHA,Unclassified
SAMALKOT,Unclassified
SAMANA,Unclassified
SAMASTIPUR,Unclassified
SAMBA,Unclassified
SAMBALPUR,Unclassified
SAMBHAL,Unclassified
SAMBHALPUR,Unclassified
SAMINATHAPURAM,Unclassified
SAMITI,Unclassified
SAMLAYA,Unclassified
SANAND,Unclassified
SANCHORE,Unclassified
SANGALI,Unclassified
SANGHERA,Unclassified
SANGHIPURAM,Unclassified
SANGLI,Unclassified
SANGRUR,Unclassified
SANJALI,Unclassified
SANKARNAGAR,Unclassified
SANKILI,Unclassified
SANKRAIL,Unclassified
SANYASIKUPPAM,Unclassified
SAPHALE,Unclassified
SARAIKELA-KHARSAWAN,Unclassified
SARAN,Unclassified
SARGUJA,Unclassified
SARIEKELA,Unclassified
SARIGAM,Unclassified
SARJAPURA ROAD,Unclassified
SARSAV,Unclassified
SASTHAMANGALAM,Unclassified
SATARA,Unclassified
SATE,Unclassified
SATHARIA,Unclassified
SATHYAMANGALAM,Unclassified
SATNA,Unclassified
SATNOOR,Unclassified
SAURASHTRA,Unclassified
SAVARKUNDLA,Unclassified
SAWAI MADHOPUR,Unclassified
SAWANGA,Unclassified
SEALDAH,Unclassified
SECUNDERABAD,Unclassified
SEEMANDHARA,Unclassified
SEHORE,Unclassified
SEIJOSA,Unclassified
SENAPATI,Unclassified
SEONI,Unclassified
SERAIKELA-KHARSAWAN,Unclassified
SEWAPURI,Unclassified
SHADHARA,Unclassified
SHADOL,Unclassified
SHAHABAD,Unclassified
SHAHAPUR,Unclassified
SHAHDARA,Unclassified
SHAHDOL,Unclassified
SHAHEED BHAGAT SINGH NAGAR,Unclassified
SHAHJAHANPUR,Unclassified
SHAJAPUR,Unclassified
SHALIMAR,Unclassified
SHAMEERPET,Unclassified
SHAMLI,Unclassified
SHANKAR DEUL,Unclassified
SHANTIGIRI,Unclassified
SHEOPUR,Unclassified
SHERPUR,Unclassified
SHILLONG,Unclassified
SHIMLA,Unclassified
SHIMOGA,Unclassified
SHINDAWANE,Unclassified
SHIRPUR,Unclassified
SHIRUR,Unclassified
SHIVAMOGGA,Unclassified
SHIVPURI,Unclassified
SHOLAPUR,Unclassified
SHOLINGANALLUR,Unclassified
SHOLINGUR,Unclassified
SHOLTU,Unclassified
SHOVARAM BASAK,Unclassified
SHRAVANABELAGOLA,Unclassified
SHRAVASTI,Unclassified
SHRIRAMPUR,Unclassified
SHRUJAN,Unclassified
SHUKUL BAZAR,Unclassified
SHYAMPUR,Unclassified
SIBSAGAR,Unclassified
SIDHI,Unclassified
SIDHPUR,Unclassified
SIKANDRABAD,Unclassified
SIKAR,Unclassified
SILIGURI,Unclassified
SILTARA,Unclassified
SILVASAGAR,Unclassified
SILVASAILAM,Unclassified
SILVASSA,Unclassified
SIMDEGA,Unclassified
SINDHUDURG,Unclassified
SINDONI,Unclassified
SINGAMPATTI,Unclassified
SINGHBHUM,Unclassified
SINGHBHUM EAST,Unclassified
SINGHPUR,Unclassified
SINGRAULI,Unclassified
SINNAR,Unclassified
SION MUMBAI,Unclassified
SIRMAUR,Unclassified
SIROHI,Unclassified
SIROLI,Unclassified
SIRSA,Unclassified
SIRSI,Unclassified
SITAMARHI,Unclassified
SITAPUR,Unclassified
SITARGANJ,Unclassified
SIVAGANGA,Unclassified
SIVASAGAR,Unclassified
SOJAT,Unclassified
SOLA,Unclassified
SOLAN,Unclassified
SOLAPUR,Unclassified
SOMNATH,Unclassified
SOMNATHPUR,Unclassified
SONAGIRI,Unclassified
SONARPUR,Unclassified
SONBHADRA,Unclassified
SONEPAT,Unclassified
SONEPUR,Unclassified
SONIPAT,Unclassified
SONITPUR,Unclassified
SOUTH 24 PARGANAS,Unclassified
SOUTH GOA,Unclassified
SOUTH SIKKIM,Unclassified
SOUTH WEST DELHI,Unclassified
SPITI,Unclassified
SRI GANGANAGAR,Unclassified
SRIKAKULAM,Unclassified
SRIKALAHASTI,Unclassified
SRIMADHOPUR,Unclassified
SRINAGAR,Unclassified
SRINIWASPURI,Unclassified
SRIPERUMBUDUR,Unclassified
SRIRAMPORE,Unclassified
SUCHINDRUM,Unclassified
SUDERGARH,Unclassified
SULTANPUR,Unclassified
SUNDARBANS,Unclassified
SUNDARGARH,Unclassified
SUPA,Unclassified
SURAT,Unclassified
SURATGARH,Unclassified
SURENDRANAGAR,Unclassified
SURGUJA,Unclassified
SUTARWADI,Unclassified
TABARIJO,Unclassified
TADA,Unclassified
TADKESHWAR,Unclassified
TADO,Unclassified
TAIMOOR NAGAR,Unclassified
TAJPURA,Unclassified
TALASARI,Unclassified
TALEGAON,Unclassified
TALODARA,Unclassified
TALOJA,Unclassified
TALUKA,Unclassified
TALUKA VELHE,Unclassified
TAMBARAM,Unclassified
TAMENGLONG,Unclassified
TANAKPUR,Unclassified
TAPI,Unclassified
TARAPUR,Unclassified
TARATALA,Unclassified
TARN TARAN,Unclassified
TAURU,Unclassified
TAWANG,Unclassified
TEESTA,Unclassified
TEHRI,Unclassified
TEHRI GARHWAL,Unclassified
TEKADHORA,Unclassified
TELANGANA (ADILABAD,Unclassified
TENALI,Unclassified
TENSA,Unclassified
TEZPUR,Unclassified
THALAIYUTHU,Unclassified
THANA,Unclassified
THANE,Unclassified
THANJAVUR,Unclassified
THEMLONG,Unclassified
THENI,Unclassified
THIRUBUVANAI,Unclassified
THIRUKKURUNGUDI,Unclassified
THIRUMEERMALAI,Unclassified
THIRUVANANTHAPURAM,Unclassified
THIRUVARUR,Unclassified
THIRUVOTTIYUR,Unclassified
THOOTHUKUDI,Unclassified
THORAIPAKKAM,Unclassified
THRISSUR,Unclassified
TIKAMGARH,Unclassified
TILIJA,Unclassified
TIMMAPUR,Unclassified
TINSUKIA,Unclassified
TIPTUR,Unclassified
TIRODA,Unclassified
TIRUCHIRAPPALLI,Unclassified
TIRULDIH,Unclassified
TIRUNELVELI,Unclassified
TIRUPATI,Unclassified
TIRUPPUR,Unclassified
TIRUVALLUR,Unclassified
TIRUVANNAMALAI,Unclassified
TIRUVARUR,Unclassified
TIRUVOTTIYUR,Unclassified
TITAGARH,Unclassified
TOANSA,Unclassified
TONK,Unclassified
TOOPRAN,Unclassified
TORANAGALLU,Unclassified
TRICHI,Unclassified
TRICHUR,Unclassified
TRICHY,Unclassified
TRIMBAK,Unclassified
TRIMBAKESHWAR,Unclassified
TRIPRAYAR,Unclassified
TROMBAY,Unclassified
TUENSANG,Unclassified
TUGHLAKABAD,Unclassified
TUKUMR,Unclassified
TUMAKURU,Unclassified
TUMKUNTA,Unclassified
TUMKUR,Unclassified
TUTICORIN,Unclassified
UDAIPUR,Unclassified
UDAIPURA,Unclassified
UDALGURI,Unclassified
UDHAGAMANDALAM,Unclassified
UDHAM SINGH NAGAR,Unclassified
UDHAMPUR,Unclassified
UDUMALPET,Unclassified
UDUPI,Unclassified
UJJAIN,Unclassified
UKRAULI,Unclassified
UKWA,Unclassified
UMARSAR,Unclassified
UMBERGAON,Unclassified
UMRETH,Unclassified
UNA,Unclassified
UNAKOTI,Unclassified
UNNAO,Unclassified
UPPER MAMRING,Unclassified
UPPERSIANG,Unclassified
URAPAKKAM,Unclassified
URAWADE,Unclassified
URNI,Unclassified
USGAON,Unclassified
UTTAR KANNADA,Unclassified
UTTARA KANNADA DIST.,Unclassified
UTTARAHALLI,Unclassified
UTTARAKHAND (DEHRADUN,Unclassified
UTTARANCHAL,Unclassified
UTTARKASHI,Unclassified
UTTARPARA,Unclassified
VADALI,Unclassified
VADATHORASALUR,Unclassified
VADODARA,Unclassified
VADVALI GAON,Unclassified
VAISHALI,Unclassified
VALAPAD,Unclassified
VALLA,Unclassified
VALSAD,Unclassified
VANGAON,Unclassified
VANI,Unclassified
VAPI,Unclassified
VARANASI,Unclassified
VARDHA,Unclassified
VASAI,Unclassified
VASANT VIHAR,Unclassified
VASHI,Unclassified
VASHI GAON,Unclassified
VASIND,Unclassified
VASUDEVANALLUR,Unclassified
VASUNDHARA,Unclassified
VATVA,Unclassified
VAZHAKULAM,Unclassified
VAZHOOR,Unclassified
VEERAPURAM,Unclassified
VELACHERY,Unclassified
VELLIVOYALCHAVADI,Unclassified
VELLORE,Unclassified
VENKATAGIRI,Unclassified
VERAVAL,Unclassified
VIDARBHA,Unclassified
VIDISHA,Unclassified
VIDYA NAGAR,Unclassified
VIJAYANAGAR,Unclassified
VIJAYANAGARAM,Unclassified
VIJAYAPURA,Unclassified
VIJAYAWADA,Unclassified
VIJAYNAGAR,Unclassified
VIJAYWADA,Unclassified
VIKAS PURI,Unclassified
VIKHROLI,Unclassified
VIKRAMGAD,Unclassified
VILAPPILSALA,Unclassified
VILE PARLE,Unclassified
VILLAGE TIZIT MON,Unclassified
VILUPPURAM,Unclassified
VINUKONDA,Unclassified
VIP NAGAR,Unclassified
VIRAR,Unclassified
VIRUDHUNAGAR,Unclassified
VISAKHAPATNAM,Unclassified
VISHNU NAGAR,Unclassified
VISHNUPRAYAG,Unclassified
VIZIANAGARAM,Unclassified
VRINDAVAN,Unclassified
VUYYURU,Unclassified
VYARA,Unclassified
VYPIN,Unclassified
WADA,Unclassified
WADGAONPEER,Unclassified
WALUJ,Unclassified
WARANGAL,Unclassified
WARDHA,Unclassified
WARORA,Unclassified
WARTHI,Unclassified
WARUDE,Unclassified
WASHIM,Unclassified
WAYANAD,Unclassified
WEST BOKARO,Unclassified
WEST DELHI,Unclassified
WEST GODAVARI,Unclassified
WEST GODAVERI,Unclassified
WEST KHASI HILLS,Unclassified
WEST MEDINIPUR,Unclassified
WEST SIANG,Unclassified
WEST SINGHBHUM,Unclassified
WHITEFIELD,Unclassified
WORLI,Unclassified
YADGIRI,Unclassified
YALAHANKA,Unclassified
YAMUNA NAGAR,Unclassified
YANAM,Unclassified
YAVATMAL,Unclassified
YERAWADA,Unclassified
YEVATMAL,Unclassified
ZAHEERABAD,Unclassified
ZIRAKPUR,Unclassified
ZUARINAGAR,Unclassified
